url,year,home,wayback_url,To,searchtext
https://plus.google.com/+PeterSuber/posts/iGEFpdYY9dr,2018,False,http://web.archive.org/web/20190402140144/https://plus.google.com/+PeterSuber/posts/iGEFpdYY9dr,https://accounts.google.com/ServiceLogin?passive=1209600&osid=1&continue=https://plus.google.com/%2BPeterSuber/posts/iGEFpdYY9dr&followup=https://plus.google.com/%2BPeterSuber/posts/iGEFpdYY9dr,AnandTech News: New CD copylock technology nears market
http://canonical.org/%7Ekragen/costs-lives.html,2009,False,http://web.archive.org/web/20160304111810/http://canonical.org/~kragen/costs-lives.html,http://canonical.org/~kragen/costs-lives.html,AnandTech News: New CD copylock technology nears market
http://www.envisional.com/,2004,False,http://web.archive.org/web/20180824122650/http://www.envisional.com:80/,https://www.cscdigitalbrand.services/en/page-not-found/,The domain www.envisional.com is registered by NetNames UK hosting provider Domain name management Brand monitoring Domain recoveryDomain name registrationTyposquattingCybersquatting
http://www.markletaskforce.org/,2004,False,http://web.archive.org/web/20090517134806/http://www.markletaskforce.org:80/,https://www.markle.org/national-security,National Security in the Information Age The Task Force on National Security in the Information Age is supported by the Markle Foundation a New Yorkbased private philanthropy that works to realize the
http://news.com.com/2010-1028-5273059.html,2004,False,http://web.archive.org/web/20090109194001/http://news.com.com/2010-1028-5273059.html,https://com.com/results?q=news,Deconstructing the spyware faceoff CNET News Politics & government computer news latest technology news business technology news tech news
http://www.nwfusion.com/reviews/2004/1004wirelessmain.html,2004,False,http://web.archive.org/web/20081202162046/http://www.nwfusion.com/reviews/2004/1004wirelessmain.html,https://www.networkworld.com/article/2325740/cracking-the-wireless-security-code.html,Cracking the wireless security code Network World Wireless & Mobilewireless security wirless LAN WLAN WEP wired equivalent privacy WPA WiFi Protected Access 802.1X 802.11i encryption authentication
http://business.time.com/2014/02/19/netflix-verizon-peering/,2014,False,http://web.archive.org/web/20140303175131/http://business.time.com/2014/02/19/netflix-verizon-peering/,https://time.com/8681/netflix-verizon-peering/,AnandTech News: New CD copylock technology nears market
http://www.theregister.co.uk/2008/10/15/neutrality_in_europe_analysis/print.html,2009,False,http://web.archive.org/web/20121106232025/http://www.theregister.co.uk/2008/10/15/neutrality_in_europe_analysis/print.html,https://www.theregister.co.uk/Print/2008/10/15/neutrality_in_europe_analysis/,"Google's coup: The internet's first rule book [printerfriendly] • The Register ""google"" ""net neutrality"" ""legislation"""
http://www.huffingtonpost.com/2014/02/21/fed-crisis-transcripts_n_4831527.html,2014,False,http://web.archive.org/web/20170106204817/http://www.huffingtonpost.com/2014/02/21/fed-crisis-transcripts_n_4831527.html,https://www.huffpost.com/entry/fed-crisis-transcripts_n_4831527,The Fed Was Hopelessly 'Behind The Curve' During The Financial Crisis New Transcripts Show The Huffington Post
http://www.nytimes.com/2004/07/06/technology/06net.html,2004,False,http://web.archive.org/web/20151004180350/http://www.nytimes.com/2004/07/06/technology/06net.html,https://www.nytimes.com/2004/07/06/business/you-ve-got-mail-and-court-says-others-can-read-it.html,You've Got Mail (and Court Says Others Can Read It) New York Times
http://news.com.com/2010-1034-5364174.html,2004,False,http://web.archive.org/web/20060716152209/http://news.com.com:80/2010-1034-5364174.html,https://com.com/results?q=news,Broadband needs a nonpartisan FCC Perspectives CNET News.com Perspective: Broadband needs a nonpartisan FCC
http://gizmodo.com/5428343/our-2009-12+city-3g-data-mega-test-att-won,2009,False,http://web.archive.org/web/20140114080034/http://gizmodo.com/5428343/our-2009-12+city-3g-data-mega-test-att-won,https://gizmodo.com/our-2009-12-city-3g-data-mega-test-at-t-won-5428343,Our 2009 12City 3G Data Mega Test: AT&T Won 3G test 2009 3G test 3G networks Best 3g network att Sprint Tmobile Verizon Verizon Wireless Atlanta Chicago Denver Las Vegas Los Angeles
http://www.mondaynote.com/2014/03/30/tv-done-right-still-a-dream/,2014,False,http://web.archive.org/web/20160403060259/http://www.mondaynote.com/2014/03/30/tv-done-right-still-a-dream/,https://mondaynote.com/tv-done-right-still-a-dream-346ea47ca6a3,TV Done Right: Still A Dream Monday Note TV Done Right: Still A Dream – Monday Note
http://www.pbs.org/wgbh/pages/frontline/generation-like/,2014,False,http://web.archive.org/web/20151121151400/http://www.pbs.org:80/wgbh/pages/frontline/generation-like/,https://www.pbs.org/wgbh/frontline/film/generation-like/,Generation Like FRONTLINE PBS FRONTLINE explores how the perennial teen quest for identity and connection has migrated to social media – and how big brands are increasingly coopting young consumers’ digital presences.
http://www.venustech.com.cn/,2004,False,http://web.archive.org/web/20190103011806/http://venustech.com.cn:80/,https://www.venustech.com.cn/index.html,启明星辰国际领先的网络安全产品和安全服务提供商 信息安全公司IDS入侵检测系统防火墙入侵防御系统UTMIPSSOCWAFDLP安全服务网站安全漏洞检测网站挂马网站检测内网安全无线安全 启明星辰是国内具备超强实力的、拥有完全自主知识产权的网络安全产品、可信安全管理平台、安全服务与解决方案的综合提供商。IDS、UTM及安全管理平台连续多年保持国内市场占有率第一
http://news.com.com/2100-1027-5357332.html,2004,False,http://web.archive.org/web/20060708230849/http://news.com.com:80/2100-1027-5357332.html,https://com.com/results?q=news,P2P company sues RIAA over patent CNET News.com P2P company sues RIAA over patent
http://reason.com/blog/2014/08/20/teen-arrested-suspended-for-shooting-a-d,2014,False,http://web.archive.org/web/20190404184422/https://reason.com/blog/2014/08/20/teen-arrested-suspended-for-shooting-a-d,https://reason.com/2014/08/20/teen-arrested-suspended-for-shooting-a-d,Teen Arrested Suspended for Shooting a Dinosaur (In a Story He Wrote) Hit & Run : Reason.com
http://www.dw.de/german-foreign-intelligence-agency-wants-to-access-social-media-sites-in-real-time/a-17673649,2014,False,http://web.archive.org/web/20140621042008/http://www.dw.de/german-foreign-intelligence-agency-wants-to-access-social-media-sites-in-real-time/a-17673649,https://www.dw.com/en/german-foreign-intelligence-agency-wants-to-access-social-media-sites-in-real-time/a-17673649,German foreign intelligence agency wants to access social media sites in real time News DW.DE 30.05.2014
http://news.com.com/2008-1028-5345853.html,2004,False,http://web.archive.org/web/20060710115752/http://news.com.com:80/2008-1028-5345853.html,https://com.com/results?q=news,Record labels' man in Washington Newsmakers CNET News.com Newsmaker: Record labels' man in Washington
http://blog.level3.com/global-connectivity/observations-internet-middleman/,2014,True,http://web.archive.org/web/20140915201638/http://blog.level3.com/global-connectivity/observations-internet-middleman/,https://blog.centurylink.com/,Observations of an Internet Middleman Beyond Bandwidth We received a lot of positive feedback as well as a lot of questions when Mike posted his recent story Chicken. Many of the questions
http://www.usenix.org/events/lisa09/discounts.html,2009,False,http://web.archive.org/web/20111118234639/http://www.usenix.org/events/lisa09/discounts.html,https://www.usenix.org/legacy/events/lisa09/discounts.html,LISA '09 Registration Discounts
https://www.aclu.org/blog/national-security-technology-and-liberty/doj-emails-show-feds-were-less-explicit-judges-cell,2014,False,http://web.archive.org/web/20150225134858/https://www.aclu.org/blog/national-security-technology-and-liberty/doj-emails-show-feds-were-less-explicit-judges-cell,https://www.aclu.org/blog/national-security/privacy-and-surveillance/doj-emails-show-feds-were-less-explicit-judges-cell?redirect=blog/national-security-technology-and-liberty/doj-emails-show-feds-were-less-explicit-judges-cell,"DOJ Emails Show Feds Were Less Than ""Explicit"" With Judges On Cell Phone Tracking Tool American Civil Liberties Union"
http://www.pcworld.com/article/184597/facebook_privacy_zuckerbergs_profile_unzipped.html,2009,False,http://web.archive.org/web/20120413094132/http://www.pcworld.com:80/article/184597/facebook_privacy_zuckerbergs_profile_unzipped.html,https://www.pcworld.com/article/184597/Facebook_Privacy_Zuckerberg_Profile_Unzipped.html,Facebook Privacy: Zuckerberg's Profile Unzipped PCWorld Facebook Facebook CEO's Facebook page reveals the ups and downs of the social networking site's new privacy settings.
http://www.huffingtonpost.com/2014/06/11/cell-tracking-unconstitutional_n_5486458.html,2014,True,http://web.archive.org/web/20150815181049/http://www.huffingtonpost.com:80/2014/06/11/cell-tracking-unconstitutional_n_5486458.html,https://www.huffpost.com/?err_code=404&err_url=http%3A%2F%2Fwww.huffingtonpost.com%2F2014%2F06%2F11%2Fcell-tracking-unconstitutional_n_5486458.html,Court Rules Warrantless Cell Tracking Unconstitutional court rules warrantless cell tracking unconstitutional politics
http://recode.net/2014/12/22/google-wireless-industry-not-down-with-marriotts-wi-fi-blocking-plan/,2014,False,http://web.archive.org/web/20160304021506/http://recode.net/2014/12/22/google-wireless-industry-not-down-with-marriotts-wi-fi-blocking-plan/,https://www.vox.com/2014/12/22/11633996/google-wireless-industry-not-down-with-marriotts-wi-fi-blocking-plan,Google Wireless Industry Not Down With Marriott’s WiFi Blocking Plan Re/code general policy american hospitality & lodging association ctia detroit metropolitan airport fcc federal communications commission logan international airport mifi unlicensed spectrum
http://cyber.law.harvard.edu/seltzer.html,2004,False,http://web.archive.org/web/20080217225019/http://cyber.law.harvard.edu:80/seltzer.html,https://cyber.harvard.edu/people/wseltzer,Wendy Seltzer Berkman Center for Internet & Society projects get informed about us search
http://broadcast.oreilly.com/2009/06/big-fish-little-fish-the-benef.html,2009,False,http://web.archive.org/web/20160417214038/http://broadcast.oreilly.com/2009/06/big-fish-little-fish-the-benef.html,https://www.oreilly.com/ideas,AnandTech News: New CD copylock technology nears market
https://www.cbsnews.com/news/privately-produced-satellites-open-uncharted-territory-in-data-collection-60-minutes/,2019,False,http://web.archive.org/web/20190127213618/https://www.cbsnews.com/news/privately-produced-satellites-open-uncharted-territory-in-data-collection-60-minutes/,https://www.cbsnews.com/news/private-company-launches-largest-fleet-of-satellites-in-human-history-to-photograph-earth-60-minutes/,Privately produced satellites open uncharted territory in data collection CBS News National Geospatial Intelligence Agency cbs news 60 minutes Satellite data collection
https://plus.google.com/+GoogleBusiness/posts/Dkhw41XJigw,2014,False,http://web.archive.org/web/20181120123925/https://plus.google.com/+GoogleBusiness/posts/Dkhw41XJigw,https://accounts.google.com/ServiceLogin?passive=1209600&osid=1&continue=https://plus.google.com/%2BGoogleBusiness/posts/Dkhw41XJigw&followup=https://plus.google.com/%2BGoogleBusiness/posts/Dkhw41XJigw,Starting to test Google Domains It's 2014 and it seems obvious but across l...
http://www.kgb.com/dcl.html,2004,True,http://web.archive.org/web/20061205013208/http://kgb.com:80/dcl.html,https://www.kgb.com,DCL Dialogue Online by Kevin G. Barkes
http://gizmodo.com/5365813/get-nervous-rusty-soviet-doomsday-system-still-turned-on,2009,False,http://web.archive.org/web/20170704235053/http://gizmodo.com/5365813/get-nervous-rusty-soviet-doomsday-system-still-turned-on,https://gizmodo.com/get-nervous-rusty-soviet-doomsday-system-still-turned-5365813,AnandTech News: New CD copylock technology nears market
http://ipcommunications.tmcnet.com/topics/ip-communications/articles/55155-how-workarounds-drive-telecom-networking.htm,2009,False,http://web.archive.org/web/20170301055445/http://ipcommunications.tmcnet.com/topics/ip-communications/articles/55155-how-workarounds-drive-telecom-networking.htm,http://technews.tmcnet.com/ipcommunications/topics/ip-communications/articles/55155-how-workarounds-drive-telecom-networking.htm,How Workarounds Drive Telecom and Networking voip crm Voice over IP internet telephony ip telephony call center viop voio phone IPPBX contact center telemarketing
http://www.mozilla.org/products/firefox/,2004,False,http://web.archive.org/web/20080516050117/http://mozilla.org/products/firefox,https://www.mozilla.org/en-US/firefox/,Firefox web browser Faster more secure & customizable Firefox Mozilla Firefox Mozilla Firefox 2 Foxfire Fire Fox browser web browser internet browser web popup blocker internet speed secure customize online addons toolbar
http://www.nytimes.com/2004/05/30/weekinreview/30bott.html,2004,False,http://web.archive.org/web/20151102032536/http://www.nytimes.com/2004/05/30/weekinreview/30bott.html,https://www.nytimes.com/2004/05/30/weekinreview/the-public-editor-weapons-of-mass-destruction-or-mass-distraction.html,Weapons of Mass Destruction? Or Mass Distraction? New York Times Covering the war in Iraq was not The New York Times at its best. How could it have been when the paper
http://talkleft.com/new_archives/007988.html#007988,2004,False,http://web.archive.org/web/20081203223112/http://talkleft.com/new_archives/007988.html,http://www.talkleft.com/story/2004/09/24/048/54880/blogrelated/TalkLeft-Reinstated-By-Paypal#007988,TalkLeft Reinstated By Paypal TalkLeft: The Politics Of Crime liberal politics elections crime media news justice injustice legislation weblog blog Jeralyn Merritt
http://online.wsj.com/article/SB124001042575330715.html,2009,False,http://web.archive.org/web/20120925122033/http://online.wsj.com:80/article/SB124001042575330715.html,https://www.wsj.com/articles/SB124001042575330715,Pentagon Jams Web Radio Links of Taliban WSJ.com The U.S. is seeking to prevent the Taliban from using radio stations and Web sites to plan attacks in Afghanistan and Pakistan.
http://www.huffingtonpost.com/robert-scoble/google-glass_b_5000417.html,2014,False,http://web.archive.org/web/20180403053228/https://www.huffingtonpost.com/robert-scoble/google-glass_b_5000417.html,https://www.huffpost.com/entry/google-glass_b_5000417,Why Can't Google Stick With Its New Products? HuffPost googlegoogle glasslarry page glassparry page googleLarry Pagelarry page google glassgmailglass
http://www.thedailybeast.com/articles/2014/02/04/coca-cola-critics-have-never-heard-of-e-pluribus-unum.html,2014,False,http://web.archive.org/web/20170129031041/http://www.thedailybeast.com/articles/2014/02/04/coca-cola-critics-have-never-heard-of-e-pluribus-unum.html,https://www.thedailybeast.com/coca-cola-critics-have-never-heard-of-e-pluribus-unum,AnandTech News: New CD copylock technology nears market
http://sfgate.com/cgi-bin/article.cgi?f=/c/a/2009/05/08/BAPA17H89B.DTL,2009,False,http://web.archive.org/web/20110124233007/http://www.sfgate.com/cgi-bin/article.cgi?f=/c/a/2009/05/08/BAPA17H89B.DTL,https://www.sfgate.com/crime/article/UC-hacking-leaves-thousands-at-risk-of-ID-theft-3242817.php,UC hacking leaves thousands at risk of ID theft Overseas hackers gained access to confidential information belonging to tens of thousands of students and alumni at UC Berkeley and Mills College after
http://online.wsj.com/article/SB124932480886002237.html?mod=googlenews_wsj,2009,False,http://web.archive.org/web/20111224110141/http://online.wsj.com/article/SB124932480886002237.html?mod=googlenews_wsj,https://www.wsj.com/articles/SB124932480886002237,Security Cyber Czar Steps Down WSJ.com Obama's cybersecurity czar Melissa Hathaway said she is resigning a setback to White House efforts to protect computer networks.
http://www.livejournal.com/~wendyg,2004,True,http://web.archive.org/web/20080726203509/http://www.livejournal.com/~wendyg,https://wendyg.livejournal.com/,Wendy M. Grossman
http://www.wi-fiplanet.com/news/article.php/3364141,2004,False,http://web.archive.org/web/20151202172906/http://www.wi-fiplanet.com/news/article.php/3364141,https://www.hardwarecentral.com/reviews/best-wifi-routers-large-house/,A WiMax Update WiFi newsWiFi reviewsWiFi insightsWiFi tutorialsWiFi hotspotsWiFi forumsWiFi researchWiFi productsWiFi glossaryWiMaxVoIPwifi802.11b802.11g80211planetwirelessnetworking3Gadhoc modeARPbasebandfixed wirelessGPRSHiperLANHomeRFIEEEIEEE 802.11IEEE 802.11ainfrastructure modeLANlaptopMobile IPOSI modelPDARFSMStext messagingVPNVSATWECAWEPWLANWTLS
http://www.laquadrature.net/wiki/HADOPI_full_translation,2009,False,http://web.archive.org/web/20140419204637/http://www.laquadrature.net:80/wiki/HADOPI_full_translation,https://wiki.laquadrature.net/HADOPI_full_translation,HADOPI full translation La Quadrature du Net HADOPI full translation [edit] CHAPTER I [edit] CHAPTER II [edit] CHAPTER III [edit] CHAPTER IV [edit] CHAPTER V [edit] CHAPTER VI Contents [edit] Article 1
http://www.theguardian.com/world/obama-administration,2013,False,http://web.archive.org/web/20141004055846/http://www.theguardian.com/world/obama-administration,https://www.theguardian.com/us-news/obama-administration,Obama administration World news The Guardian Obama administrationWorld news Latest news and comment on Obama administration from the Guardian
http://www.wired.com/thisdayintech/2009/09/0915ACM-founded,2009,False,http://web.archive.org/web/20140111193254/http://www.wired.com:80/thisdayintech/2009/09/0915acm-founded/,https://www.wired.com/2009/09/0915ACM-founded/,Sept. 15 1947: Association for Computing Machinery Gets Whirring This Day In Tech Wired.com
http://www.research.att.com/~smb,2004,False,http://web.archive.org/web/20041217092320/http://www.research.att.com:80/~smb/,https://about.att.com/error.html,Steven M. Bellovin
http://www.wired.com/epicenter/2009/10/youtube-bandwidth/,2009,False,http://web.archive.org/web/20120603054731/http://www.wired.com:80/epicenter/2009/10/youtube-bandwidth,https://www.wired.com/2009/10/youtube-bandwidth/,YouTube's Bandwidth Bill Is Zero. Welcome to the New Net Epicenter Wired.com
http://topics.nytimes.com/top/reference/timestopics/people/m/john_markoff/index.html?inline=nyt-per,2007,False,http://web.archive.org/web/20160810134850/http://topics.nytimes.com:80/top/reference/timestopics/people/m/john_markoff/index.html?inline=nyt-per,https://www.nytimes.com/by/john-markoff?inline=nyt-per,AnandTech News: New CD copylock technology nears market
http://scpd.stanford.edu/,2004,False,http://web.archive.org/web/20140629004130/http://scpd.stanford.edu:80/?,http://scpd.stanford.edu/home,Welcome Stanford Center for Professional Development
http://web.mit.edu/newsoffice/2009/cryptography.html,2009,False,http://web.archive.org/web/20140102223731/http://web.mit.edu/newsoffice/2009/cryptography.html,http://news.mit.edu/2009/cryptography,Secure computers aren’t so secure MIT News Office MITMassachusetts Institute of TechnologyNews OfficeCache timingCryptographyElectrical engineering and electronics
https://www.bloomberg.com/news/articles/2019-01-24/google-urged-the-u-s-to-limit-protection-for-activist-workers,2019,False,http://web.archive.org/web/20190822115212/https://www.bloomberg.com/news/articles/2019-01-24/google-urged-the-u-s-to-limit-protection-for-activist-workers,https://www.bloomberg.com/tosv2.html?vid=&uuid=1909f520-d2b4-11e9-9400-cdc35a65d2cc&url=L25ld3MvYXJ0aWNsZXMvMjAxOS0wMS0yNC9nb29nbGUtdXJnZWQtdGhlLXUtcy10by1saW1pdC1wcm90ZWN0aW9uLWZvci1hY3RpdmlzdC13b3JrZXJz,Google Urged the U.S. to Limit Protection For Activist Workers Bloomberg National Labor Relations BoardLaborSundar PichaiDepartment of DefenseCultureALPHABET INCCL AU.S. RepublicansLawPENTAGONArtificial Intelligencetechnology
http://www.wired.com/threatlevel/author/kimzetter/,2009,False,http://web.archive.org/web/20140326221910/http://www.wired.com/threatlevel/author/kimzetter/,https://www.wired.com/author/kim-zetter/,Kim Zetter Threat Level Wired.com WIRED Kim Zetter Gear Science Entertainment Business Security Design Opinion Video Insider Magazine Subscribe//!(function(){if((typeof pageAds != 'undefined') && (typeof pageAds.AMS_WIR_GLOBAL_NAVBAR != 'undefined') && (CN.url.params('nojoy') != 1) )
http://news.zdnet.co.uk/communications/wireless/,2004,True,http://web.archive.org/web/20060924003337/http://news.zdnet.co.uk/communications/wireless/,"0,39020348,39151531,00.htm",Wireless News at ZDNet UK
http://www.isoc.org/postel,2009,False,http://web.archive.org/web/20180814053702/http://www.isoc.org:80/postel/,https://www.internetsociety.org/grants-and-awards/postel-service-award,Internet Society (ISOC) Postel Service Award About the Internet Society Awards Jonathan B. Postel Service Award About the Award
http://www.eff.org/fn/directory/4800/359,2009,False,http://web.archive.org/web/20110805230251/http://www.eff.org/fn/directory/4800/359,https://www.eff.org/issues/foia/cases/C-07-05278,FOIA Release: Correspondence about amending FISA bill summaries and other documents Electronic Frontier Foundation
http://www.itu.int/newsroom/press_releases/2009/07.html,2009,False,http://web.archive.org/web/20180409212933/http://www.itu.int:80/newsroom/press_releases/2009/07.html,https://www.itu.int/en/mediacentre/Pages/default.aspx,Press Release: New ITU ICT Development Index compares 154 countries newsroom
http://www.huffingtonpost.com/bruce-kushnick/the-contime-merger-do-we-_b_4839339.html,2014,False,http://web.archive.org/web/20170116112104/http://www.huffingtonpost.com/bruce-kushnick/the-contime-merger-do-we-_b_4839339.html,https://www.huffpost.com/entry/the-contime-merger-do-we_b_4839339,"Governor Christie's New Scandal: Verizon's FiberOptic""Digital Bridge"" Gate. The Huffington Post internetbroadbandcablecable competitionChris ChristieNew Jerseysandy stormverizonfemabridgegateastroturfFiber Optics"
http://www.eset.com/,2009,False,http://web.archive.org/web/20190901021415/https://www.eset.com/,https://www.eset.com/us/,Malware Protection & Internet Security ESET We're protecting your digital life Advanced cybersecurity at your fingertips Europe Americas Asia Africa Australia and Oceania Middle East Europe Americas Asia Africa Australia and Oceania
https://www.aclu.org/blog/national-security/new-documents-shed-light-one-nsas-most-powerful-tools,2014,False,http://web.archive.org/web/20180727203423/https://www.aclu.org/blog/national-security/new-documents-shed-light-one-nsas-most-powerful-tools,https://www.aclu.org/blog/national-security/secrecy/new-documents-shed-light-one-nsas-most-powerful-tools?redirect=blog/national-security/new-documents-shed-light-one-nsas-most-powerful-tools,New Documents Shed Light on One of the NSA's Most Powerful Tools American Civil Liberties Union
http://www4.law.cornell.edu/uscode/47/230.html,2009,False,http://web.archive.org/web/20120210181805/http://www.law.cornell.edu:80/uscode/47/230.html,https://www.law.cornell.edu/uscode/text/47/230,United States Code: Title 47230. Protection for private blocking and screening of offensive material LII / Legal Information Institute
http://www.reuters.com/article/latestCrisis/idUSN26207501,2009,False,http://web.archive.org/web/20091029133831/http://www.reuters.com:80/article/latestCrisis/idUSN26207501,https://www.reuters.com/article/idUSN26207501,SEC Homeland Security need Web backup GAO says Reuters * Internet could get clogged during a pandemic * SEC needs to make sure regulated companies have plans By Maggie Fox Health and
http://code.google.com/p/gears/issues/detail?id=847,2009,False,http://web.archive.org/web/20160404073554/http://code.google.com/p/gears/issues/detail?id=847,https://code.google.com/archive/p/gears/issues/847,Issue 847 gears [Mac] [Safari 4] [Snow Leopard] Gears not working Safari 4 Snow Leopard Improving Your Web Browser Google Project Hosting
http://www.ft.com/cms/s/0/9338626e-dab7-11e3-8273-00144feabdc0.html#axzz31cxyuu50,2014,False,http://web.archive.org/web/20141113143737/http://www.ft.com:80/cms/s/0/9338626e-dab7-11e3-8273-00144feabdc0.html,https://www.ft.com/content/9338626e-dab7-11e3-8273-00144feabdc0#axzz31cxyuu50,Russia moves to oust US from International Space Station FT.com european world news european business news world news world news headline global business news breaking business news financial news finance news financial
http://www.world-nuclear.org/info/Safety-and-Security/Safety-of-Plants/Safety-of-Nuclear-Power-Reactors/,2014,False,http://web.archive.org/web/20160118223416/http://www.world-nuclear.org:80/info/Safety-and-Security/Safety-of-Plants/Safety-of-Nuclear-Power-Reactors/,https://www.world-nuclear.org/information-library/safety-and-security/safety-of-plants/safety-of-nuclear-power-reactors.aspx,Safety of Nuclear Reactors nuclear nuclear energy nuclear power World Nuclear Association WNA World Nuclear News WNN uranium Chernobyl nuclear power plants radiation nuclear energy information nuclear news WNN nuclear power plant
http://www.reuters.com/article/2014/11/14/us-google-glass-insight-idUSKCN0IY18E20141114,2014,False,http://web.archive.org/web/20150814044234/http://www.reuters.com/article/2014/11/14/us-google-glass-insight-idUSKCN0IY18E20141114,https://www.reuters.com/article/us-google-glass-insight/google-glass-future-clouded-as-some-early-believers-lose-faith-idUSKCN0IY18E20141114,Google Glass future clouded as some early believers lose faith Reuters USGOOGLEGLASSINSIGHTPicture availableUnited StatesEnterprise ReportingSoftware and IT Services (TRBC)Company NewsPrivate Equity FundsLiving / LifestyleGraphicsMajor NewsInternet / World Wide WebInsightsIT Services and Consulting
http://arstechnica.com/web/news/2009/10/eff-tells-business-group-to-get-over-yes-men-hoax.ars,2009,False,http://web.archive.org/web/20120504015223/http://arstechnica.com/web/news/2009/10/eff-tells-business-group-to-get-over-yes-men-hoax.ars,https://arstechnica.com/information-technology/2009/10/eff-tells-business-group-to-get-over-yes-men-hoax/,EFF defends Yes Men from business rage over climate hoax eff thomasjdonahue uschamberofcommerce yesmen
http://www.npr.org/blogs/alltechconsidered/2009/11/the_mysterious_disappearance_o.html,2009,False,http://web.archive.org/web/20150506101858/http://www.npr.org/blogs/alltechconsidered/2009/11/the_mysterious_disappearance_o.html,https://www.npr.org/sections/alltechconsidered/2009/11/the_mysterious_disappearance_o.html,AnandTech News: New CD copylock technology nears market
http://www.newamerica.org/oti/debate-on-law-enforcement-vs-smartphone-encryption,2014,False,http://web.archive.org/web/20150724073628/http://www.newamerica.org/oti/debate-on-law-enforcement-vs-smartphone-encryption/,https://www.newamerica.org/oti/events/debate-on-law-enforcement-vs-smartphone-encryption/,DEBATE on Law Enforcement vs. Smartphone Encryption pJoin New America for a lively debate on this timely technology policy issue followed by a question and answer session with the audience./p The recent
http://www.mercurynews.com/mld/mercurynews/business/technology/,2004,False,http://web.archive.org/web/20080517154111/http://www.mercurynews.com/mld/mercurynews/business/technology/,https://www.mercurynews.com/2013/07/16/technology-a-mixed-blessing-in-teaching-writing-skills-study/,Home San Jose Mercury News
http://www.cbsnews.com/stories/2004/11/08/opinion/main654285.shtml,2004,False,http://web.archive.org/web/20131113041916/http://www.cbsnews.com/stories/2004/11/08/opinion/main654285.shtml,https://www.cbsnews.com/news/blogging-as-typing-not-journalism/,Blogging As Typing Not Journalism CBS News
http://opinionjournal.com/diary/?id=110005405,2004,False,http://web.archive.org/web/20090105151102/http://www.opinionjournal.com:80/diary/?id=110005405,https://www.wsj.com/news/opinion,John Fund on the Trail WSJ.com No Doctored DREDemocrats use computer hysteria to get out the vote.
https://www.csoonline.com/article/3222068/hacking/465000-abbott-pacemakers-vulnerable-to-hacking-need-a-firmware-fix.html,2018,False,http://web.archive.org/web/20190223224639/https://www.csoonline.com/article/3222068/hacking/465000-abbott-pacemakers-vulnerable-to-hacking-need-a-firmware-fix.html,https://www.csoonline.com/article/3222068/465000-abbott-pacemakers-vulnerable-to-hacking-need-a-firmware-fix.html,465000 Abbott pacemakers vulnerable to hacking need a firmware fix CSO Online
http://www.factsquad.org/,2004,False,http://web.archive.org/web/20161022142927/https://www.factsquad.org/,https://docs.google.com/forms/d/e/1FAIpQLSc4vI-KcWYb_h07kJSxq1vTyxh6zBzy8BEBhLSyBXBfPweRnQ/viewform?c=0&w=1,Fact Squad
http://sciencenow.sciencemag.org/cgi/content/full/2009/710/2?etoc,2009,False,http://web.archive.org/web/20090921011325/http://sciencenow.sciencemag.org:80/cgi/content/full/2009/710/2?etoc,https://www.sciencemag.org/news?etoc,ScienceNOW Sign In Site Tools Site Search Account Information Site Navigation Subscribe/Join AAAS or Buy a Site Pass to View Full Text. The content you requested requires a AAAS member subscription to
http://www.nytimes.com/2004/09/12/opinion/12sun2.html,2004,False,http://web.archive.org/web/20150616021721/http://www.nytimes.com/2004/09/12/opinion/12sun2.html,https://www.nytimes.com/2004/09/12/opinion/on-the-voting-machine-makers-tab.html,The New York Times Opinion On the Voting Machine Makers' Tab
http://www.cdt.org/mailman/listinfo/policy-posts,2004,True,http://web.archive.org/web/20090526222722/http://www.cdt.org:80/mailman/listinfo/policy-posts,https://cdt.org/,AnandTech News: New CD copylock technology nears market
http://www.eff.org/osp,2004,False,http://web.archive.org/web/20080724100601/http://eff.org/osp/,https://www.eff.org/wp/osp,Best Practices for Online Service Providers Electronic Frontier Foundation Best Practices for Online Service Providers Introduction How OSPs Can Develop Sane Network Policies to Protect Themselves From Legal Liability and Respond to
http://www.muniwireless.com/archives/000528.html,2004,False,http://web.archive.org/web/20061210153757/http://www.muniwireless.com:80/archives/000528.html,http://muniwireless.com/2004/12/20/do-it-yourself-anti-municipal-broadband-kit/,AnandTech News: New CD copylock technology nears market
https://firstlook.org/theintercept/document/2014/02/24/art-deception-training-new-generation-online-covert-operations/,2014,False,http://web.archive.org/web/20150810130948/https://firstlook.org/theintercept/document/2014/02/24/art-deception-training-new-generation-online-covert-operations/,https://theintercept.com/document/2014/02/24/art-deception-training-new-generation-online-covert-operations/,The Intercept Page not found Error 404
http://www.pbs.org/cringely/pulpit/pulpit20040812.html,2004,False,http://web.archive.org/web/20081013112233/http://www.pbs.org/cringely/pulpit/pulpit20040812.html,https://www.pbs.org/retired-site/,I Cringely . The Pulpit . Fred Nold's Legacy PBS
http://gizmodo.com/5393457/darpa-network-challenge-win-40000-by-finding-10-red-weather-balloons,2009,False,http://web.archive.org/web/20160828090217/http://gizmodo.com/5393457/darpa-network-challenge-win-40000-by-finding-10-red-weather-balloons,https://gizmodo.com/darpa-network-challenge-win-40-000-by-finding-10-red-5393457,DARPA Network Challenge: Win $40000 by Finding 10 Red Weather Balloons Darpa DARPA Network Challenge Weather balloons Network Challenge Military Competition Gizmodo
http://topics.nytimes.com/top/news/international/countriesandterritories/israel/index.html?inline=nyt-geo,2012,False,http://web.archive.org/web/20160125125522/http://topics.nytimes.com/top/news/international/countriesandterritories/israel/index.html?inline=nyt-geo,https://www.nytimes.com/topic/destination/israel?inline=nyt-geo,Israel News Breaking World Israel News The New York Times IsraelIsraelInternational NewsBreaking NewsNew York Times
"http://www.wired.com/news/politics/0,1283,65704,00.html?tw=wn_tophead_2",2004,False,"http://web.archive.org/web/20070208114926/http://www.wired.com:80/news/politics/0,1283,65704,00.html?tw=wn_tophead_2",https://www.wired.com/2004/11/senate-may-ram-copyright-bill/?tw=wn_tophead_2,Wired News: Senate May Ram Copyright Bill Senate May Ram Copyright Bill refresh all expand all collapse allRants & Raves See Also
http://www.newyorker.com/reporting/2014/06/23/140623fa_fact_lepore?currentPage=all,2014,False,http://web.archive.org/web/20140718013820/http://www.newyorker.com/reporting/2014/06/23/140623fa_fact_lepore?currentPage=all,https://www.newyorker.com/magazine/2014/06/23/the-disruption-machine,504 Gateway Timeout
http://www.livejournal.com/users/mannu/225461.html,2004,False,http://web.archive.org/web/20050228142522/http://www.livejournal.com:80/users/mannu/225461.html,https://mannu.livejournal.com/225461.html,mannu: Unethical practices by Hutch collection agents Navigate:
http://faculty.chicagobooth.edu/john.cochrane/research/Papers/#news,2009,False,http://web.archive.org/web/20110707202811/http://faculty.chicagobooth.edu:80/john.cochrane/research/Papers/,https://faculty.chicagobooth.edu/john.cochrane/#news,John H. Cochrane's Webpage John H. Cochrane's Web Page Art Links What's here? What's new In the news news opeds blog commentary etc. Current working papers Published papers by topic: Talks Comments
http://edocket.access.gpo.gov/2004/04-24634.htm,2004,False,http://web.archive.org/web/20090508095916/http://edocket.access.gpo.gov/2004/04-24634.htm,https://www.govinfo.gov/content/pkg/FR-2004-11-04/html/04-24634.htm,FR Doc 0424634
http://www.imaginingtheinternet.org/,2014,False,http://web.archive.org/web/20121117023632/http://imaginingtheinternet.org:80/,http://www.elon.edu/e-web/imagining/default.xhtml,AnandTech News: New CD copylock technology nears market
https://www.bloomberg.com/news/articles/2018-06-17/bitcoin-could-break-the-internet-central-banks-overseer-says,2018,False,http://web.archive.org/web/20180706213120/https://www.bloomberg.com/news/articles/2018-06-17/bitcoin-could-break-the-internet-central-banks-overseer-says,https://www.bloomberg.com/tosv2.html?vid=&uuid=9e7075a0-d2b3-11e9-a524-2d5ff04b3957&url=L25ld3MvYXJ0aWNsZXMvMjAxOC0wNi0xNy9iaXRjb2luLWNvdWxkLWJyZWFrLXRoZS1pbnRlcm5ldC1jZW50cmFsLWJhbmtzLW92ZXJzZWVyLXNheXM=,Bitcoin Could Break the Internet Central Bank Overseer Says Bloomberg BitcoinCryptocurrencySwitzerlandBlockchainSoftwareBaselSmartphoneWaste & EnvironmentGOLDMAN SACHS GROUP INCNew Yorktechnologyeconomics
http://www.reuters.com/article/internetNews/idUSTRE51B6S520090213,2009,False,http://web.archive.org/web/20090216144416/http://www.reuters.com:80/article/internetNews/idUSTRE51B6S520090213?,https://www.reuters.com/article/us-usa-stimulus-broadband/broadband-tax-credits-dropped-from-u-s-stimulus-idUSTRE51B6S520090213,AnandTech News: New CD copylock technology nears market
http://www.computerworld.com/s/article/9141671/AT_T_customer_satisfaction_tanks?source=rss_news,2009,False,http://web.archive.org/web/20130512104824/http://www.computerworld.com/s/article/9141671/AT_T_customer_satisfaction_tanks?source=rss_news,https://www.computerworld.com/article/2521288/at-t-customer-satisfaction-tanks.html,AT&T; customer satisfaction tanks Computerworld AT&T received some bad news from Consumer Reports this week as the magazine's latest survey shows that the carrier now has the lowest level of customer satisfaction
http://www.robtex.com/dns/ns62.worldnic.com.html,2009,False,http://web.archive.org/web/20120725114453/http://www.robtex.com:80/dns/ns62.worldnic.com.html,https://www.robtex.com/dns-lookup/ns62.worldnic.com,ns62.worldnic.com robtex ns62.worldnic.com ns62 worldnic com ns62.worldnic.com has one IP number (206.188.198.31) which also has a corresponding reverse pointer. Airfix.com drautos.com...
http://www.goodwinprocter.com/Publications/Newsletters/Client-Alert/2014/1015_Software-Companies-Now-on-Notice-That-Encryption-Exports-May-Be-Treated-More-Seriously.aspx,2014,False,http://web.archive.org/web/20160323031132/http://www.goodwinprocter.com/Publications/Newsletters/Client-Alert/2014/1015_Software-Companies-Now-on-Notice-That-Encryption-Exports-May-Be-Treated-More-Seriously.aspx,https://www.goodwinlaw.com/publications/2014/10/10_15_14-software-companies-now-on-notice-that-encryption-exports-may-be-treated-more-seriously,Software Companies Now on Notice That Encryption Exports May Be Treated More Seriously: $750000 Fine Against Intel Subsidiary
http://news.com.com/2100-1027-5202107.html,2004,False,http://web.archive.org/web/20090107212317/http://news.com.com/2100-1027-5202107.html,https://com.com/results?q=news,AnandTech News: New CD copylock technology nears market
http://www.cdt.org/digi_tele/voip.shtml,2004,False,http://web.archive.org/web/20111122090733/http://www.cdt.org/digi_tele/voip.shtml,https://cdt.org/insight/law-enforcement-access-to-communications-systems-in-a-digital-age/,CDT VoIP and Law Enforcement Surveillance
http://www.apple.com/iphone/compare-iphones/,2009,False,http://web.archive.org/web/20130908210004/http://www.apple.com:80/iphone/compare-iphones/,https://www.apple.com/iphone/compare/,Apple iPhone 5 Compare specifications between iPhone models. 1 4 5 6 7 About iPhone 5 More iPhone iPhone in Business Support A6 chip A5 chip A4 chip 8 megapixel 8 megapixel
http://www.wi-fiplanet.com/reviews/CD/article.php/3375891,2004,False,http://web.archive.org/web/20141101094022/http://www.wi-fiplanet.com/reviews/CD/article.php/3375891,https://www.hardwarecentral.com/reviews/best-wifi-routers-large-house/,Pulver Innovations WiSIP Phone WiFi newsWiFi reviewsWiFi insightsWiFi tutorialsWiFi hotspotsWiFi forumsWiFi researchWiFi productsWiFi glossaryWiMaxVoIPwifi802.11b802.11g80211planetwirelessnetworking3Gadhoc modeARPbasebandfixed wirelessGPRSHiperLANHomeRFIEEEIEEE 802.11IEEE 802.11ainfrastructure modeLANlaptopMobile IPOSI modelPDARFSMStext messagingVPNVSATWECAWEPWLANWTLS
http://www.bloombergview.com/articles/2014-05-14/stock-markets-had-a-rough-second-yesterday,2014,False,http://web.archive.org/web/20160308100540/http://www.bloombergview.com/articles/2014-05-14/stock-markets-had-a-rough-second-yesterday,https://www.bloomberg.com/tosv2.html?vid=&uuid=338d7560-d2ab-11e9-ae6a-6180dc13f923&url=L3ZpZXcvYXJ0aWNsZXMvMjAxNC0wNS0xNC9zdG9jay1tYXJrZXRzLWhhZC1hLXJvdWdoLXNlY29uZC15ZXN0ZXJkYXk=,Stock Markets Had a Rough Second Yesterday Bloomberg View Presumably some people do hang big arty stock price charts on their walls right?
http://news.com.com/#yourtake,2004,False,http://web.archive.org/web/20170924203636/http://news.com.com:80/,https://com.com/results?q=news#yourtake,Please wait checking your browser before continuing to the website Checking your browser before accessing the website 28 seconds remaining Your browser will redirect once the process completes.
http://www.industrialnewsroom.com/news/automatic_id,2004,True,http://web.archive.org/web/20040822015155/http://www.industrialnewsroom.com:80/news/automatic_id,https://news.thomasnet.com,Comprehensive source for current and reliable Automatic ID news stories.
http://billmoyers.com/episode/full-show-big-jail/,2014,False,http://web.archive.org/web/20150510060726/http://billmoyers.com:80/episode/full-show-big-jail/,https://billmoyers.com/episode/too-big-to-jail/,Full Show: Too Big to Jail? Moyers & Company BillMoyers.com A veteran bank regulator lays bare how Washington and Wall Street are joined in a culture of corruption.
http://physicsweb.org/article/news/8/8/13,2004,True,http://web.archive.org/web/20081204203943/http://physicsweb.org/article/news/8/8/13,https://physicsworld.com/,Cryptography system goes underground physicsworld.com TBA TBA Cryptography system goes underground Related Stories Related Links Restricted Links Key Suppliers Corporate Partners News Share this Browse by subject area About the author
http://www.circleid.com/article/795_0_1_0_C/,2004,False,http://web.archive.org/web/20081016000133/http://www.circleid.com/article/795_0_1_0_C/,http://www.circleid.com/posts/does_the_internet_need_to_be_governed,"Does the Internet Need to be Governed? dns domain_names internet_governance spam The term ""Internet Governance"" has become an area of particular attention in part as a consequence of widespread recognition that the"
http://edocket.access.gpo.gov/cfr_2002/julqtr/37cfr1.26.htm,2004,False,http://web.archive.org/web/20081226170320/http://edocket.access.gpo.gov/cfr_2002/julqtr/37cfr1.26.htm,https://www.govinfo.gov/content/pkg/CFR-2002-title37-vol1/xml/CFR-2002-title37-vol1-sec1-26.xml,Section
http://www.eff.org/issues/foia,2009,False,http://web.archive.org/web/20121004012202/https://www.eff.org/issues/foia,https://www.eff.org/issues/transparency,FOIA Electronic Frontier Foundation FOIA Search form Main menu Pages Pages Pages Stay in Touch Follow EFF Projects
http://www.reuters.com/article/2014/11/27/eu-google-idUSL6N0TH2FS20141127,2014,False,http://web.archive.org/web/20150919174522/http://www.reuters.com/article/2014/11/27/eu-google-idUSL6N0TH2FS20141127,https://www.reuters.com/article/eu-google/update-3-eu-lawmakers-urge-regulators-to-break-up-google-idUSL6N0TH2FS20141127,UPDATE 3EU lawmakers urge regulators to break up Google Reuters EUGOOGLE/ (UPDATE 3)International TradeEuro ZoneLawmakingCrime / Law / JusticeCrimeMonopolies / Antitrust IssuesMedia / Publishing (Legacy)Arts / Culture / EntertainmentAnticompetitive Behaviour / Price
http://www.fiercewireless.com/tech/story/google-seeks-proposals-internet-things-research-expedition/2014-12-14,2014,False,http://web.archive.org/web/20150608064702/http://www.fiercewireless.com/tech/story/google-seeks-proposals-internet-things-research-expedition/2014-12-14,https://www.fiercewireless.com/tech/google-seeks-proposals-for-internet-things-research-expedition,Google seeks proposals for Internet of Things research expedition FierceWirelessTech GoogleIoTM2M and Connected DevicesPhysical WebVint Cerf
http://www.ftc.gov/opa/2004/08/canspamfrn.htm,2004,False,http://web.archive.org/web/20080709002127/http://www.ftc.gov/opa/2004/08/canspamfrn.htm,https://www.ftc.gov/news-events/press-releases/2004/08/ftc-seeks-comments-proposed-can-spam-rules,FTC Seeks Comments on Proposed CanSpam Rules Federal Trade CommissionProtecting America's Consumers FTC Seeks Comments on Proposed CanSpam Rules Comments Will be Accepted Until September 13 2004
http://www.nytimes.com/2004/11/03/international/europe/03love.html,2004,False,http://web.archive.org/web/20150702010644/http://www.nytimes.com:80/2004/11/03/international/europe/03love.html?,https://www.nytimes.com/2004/11/03/world/europe/russian-gal-seeking-comrade-no-its-an-internet-scam.html,The New York Times International Europe Russian Gal Seeking Comrade? No It's an Internet Scam
http://arstechnica.com/business/2014/03/5-discount-to-give-up-unlimited-data-time-warner-cable-customers-say-no/,2014,False,http://web.archive.org/web/20170108121007/http://arstechnica.com:80/business/2014/03/5-discount-to-give-up-unlimited-data-time-warner-cable-customers-say-no/,https://arstechnica.com/information-technology/2014/03/5-discount-to-give-up-unlimited-data-time-warner-cable-customers-say-no/,$5 discount to give up unlimited data? Time Warner Cable customers say “no” Ars Technica
http://www.wi-fiplanet.com/news/article.php/3428821,2004,False,http://web.archive.org/web/20100113142952/http://wi-fiplanet.com/news/article.php/3428821,https://www.hardwarecentral.com/reviews/best-wifi-routers-large-house/,Aiirmesh: WiFi Cities Come Calling www.wifiplanet.com WiFi DSL Union() A year ago the citywide WiFi deployment in Cerritos California—one of the first in the U.S.—made big news. Today the service provider on
https://www.apple.com/news/,2016,False,http://web.archive.org/web/20190321225855/https://www.apple.com/news/,https://www.apple.com/apple-news/,News Apple Apple News Trusted news from leading sources. A captivating experience. The stories you really care about. This just in: News delivers breaking news. An easy read. Today News Digests Following
http://www.icann.org/en/announcements/announcement-30sep09-en.htm#video,2009,False,http://web.archive.org/web/20120102130623/http://www.icann.org:80/en/announcements/announcement-30sep09-en.htm,https://www.icann.org/news/announcement-2009-09-30-en#video,ICANN The Affirmation of Commitments What it Means icann internet internet corporation for assigned names and numbers iana
http://antiwar.com/news/?articleid=2920,2004,False,http://web.archive.org/web/20170227182038/http://www.antiwar.com/news/?articleid=2920,https://original.antiwar.com/news/2004/07/01/an-interview-with-sibel-edmonds/,An Interview with Sibel Edmonds by News
http://www.wired.com/threatlevel/2014/02/spectrum-warfare/,2014,False,http://web.archive.org/web/20140330174728/http://www.wired.com/threatlevel/2014/02/spectrum-warfare,https://www.wired.com/2014/02/spectrum-warfare/,AnandTech News: New CD copylock technology nears market
http://online.wsj.com/news/articles/SB10001424052702304014504579248630932113114,2014,False,http://web.archive.org/web/20140222225658/http://online.wsj.com:80/news/articles/SB10001424052702304014504579248630932113114,https://www.wsj.com/articles/fcc-halts-atampt-plan-to-stop-certain-discounts-1386628103?tesla=y,FCC Halts AT&T Plan to Stop LongTerm Discounts on Special Access Plans WSJ.com
http://www.nytimes.com/2004/07/04/opinion/04EHRE.html,2004,False,http://web.archive.org/web/20150616021722/http://www.nytimes.com/2004/07/04/opinion/04EHRE.html,https://www.nytimes.com/2004/07/04/opinion/their-george-and-ours.html,Their George And Ours New York Times INDEPENDENCE DAY (US) (JULY 4) HISTORY REVOLUTIONARY WAR AMERICAN (177583)
http://www.nytimes.com/2004/05/23/magazine/23PRISONS.html,2004,False,http://web.archive.org/web/20150929132411/http://www.nytimes.com/2004/05/23/magazine/23PRISONS.html,https://www.nytimes.com/2004/05/23/magazine/regarding-the-torture-of-others.html,Regarding the Torture of Others NYTimes.com TorturePhotographyFreedom and Human RightsIraq Notes on what has been done — and why — to prisoners by Americans.
http://writ.corporate.findlaw.com/dean/20041022.html,2004,False,http://web.archive.org/web/20160407001331/http://writ.corporate.findlaw.com/dean/20041022.html,https://supreme.findlaw.com/legal-commentary/the-coming-post-election-chaos.html,AnandTech News: New CD copylock technology nears market
http://www.wired.co.uk/article/eu-meme-war-article-13-regulation,2018,False,http://web.archive.org/web/20190225205312/https://www.wired.co.uk/article/eu-meme-war-article-13-regulation,https://www.wired.co.uk/article/what-is-article-13-article-11-european-directive-on-copyright-explained-meme-ban,The EU's bizarre war on memes is totally unwinnable WIRED UK Untitled1
https://firstlook.org/theintercept/article/2014/07/23/blacklisted/,2014,False,http://web.archive.org/web/20140830112011/https://firstlook.org/theintercept/article/2014/07/23/blacklisted/,https://theintercept.com/2014/07/23/blacklisted/,23 Jul 2014 The Intercept The Surveillance Engine: How the NSA Built Its Own Secret Google U.S. Military Bans The Intercept Letter From the Border: New Crisis is the Old Crisis A
http://ctia.org/docs/default-source/default-document-library/net-neutrality-and-technical-challenges-of-mobile-broadband-networks-9.pdf,2014,False,http://web.archive.org/web/20170810075025/https://www.ctia.org/docs/default-source/default-document-library/net-neutrality-and-technical-challenges-of-mobile-broadband-networks-9.pdf,https://api.ctia.org/wp-json/,AnandTech News: New CD copylock technology nears market
http://www.foreignpolicy.com/articles/2014/08/14/you_are_not_nearly_scared_enough_ebola_vaccine_west_africa_outbreak,2014,False,http://web.archive.org/web/20141204182046/http://www.foreignpolicy.com:80/articles/2014/08/14/you_are_not_nearly_scared_enough_ebola_vaccine_west_africa_outbreak,https://foreignpolicy.com/2014/08/15/you-are-not-nearly-scared-enough-about-ebola/,You Are Not Nearly Scared Enough About Ebola Our Magazine Archive This Month's Issue TABLE OF CONTENTS You Are Not Nearly Scared Enough About Ebola 5 Things to Know About the Global
http://jalopnik.com/5564999/the-failed-electric-car-of-henry-ford-and-thomas-edison,2014,False,http://web.archive.org/web/20180816012213/https://jalopnik.com/5564999/the-failed-electric-car-of-henry-ford-and-thomas-edison,https://jalopnik.com/how-henry-ford-and-thomas-edison-killed-the-electric-ca-5564999,How Henry Ford And Thomas Edison Killed The Electric Car I Feel Gassy Electric Cars Ford Retro henry ford thomas edison History History of the Electric Car Electric Car History Green green
https://crowdfund.ucsf.edu/project/53e4f5e60920655b8211663c,2014,True,http://web.archive.org/web/20170729041300/https://crowdfund.ucsf.edu/project/53e4f5e60920655b8211663c,https://together.ucsf.edu/,UC San Francisco Support the Emergency Ebola Response Support the Emergency Ebola Response Support the Emergency Ebola Response $50 $100 $500 $1000 This project is now in update mode. Check back regularly
http://www.afp.com/en/home,2014,False,http://web.archive.org/web/20180305102632/https://www.afp.com/en/home,https://www.afp.com/en,Home AFP.com AFP Charter Search form You are here Top stories Photos of the Day The news hub The news hub Blog AFP AFP Blogs Follow us Contact Follow us 25 dead
http://www.nationalreview.com/corner/372240/tenn-state-university-requires-students-wear-trackable-ids-alec-torres,2014,False,http://web.archive.org/web/20170217111152/http://www.nationalreview.com/corner/372240/tenn-state-university-requires-students-wear-trackable-ids-alec-torres,https://www.nationalreview.com/corner/tenn-state-university-requires-students-wear-trackable-ids-alec-torres/,National Review Alec Torres Beginning Saturday March 1 students and staff at Tennessee State University will be required to present identification badges at any time that can also track their movements in
http://news.bbc.co.uk/1/hi/technology/3601371.stm,2004,False,http://web.archive.org/web/20090102011457/http://news.bbc.co.uk:80/1/hi/technology/3601371.stm,http://news.bbc.co.uk/2/hi/technology/3601371.stm,BBC NEWS Technology Life beyond Google BBC News BBC News news online world uk international foreign british online service
http://www.informationweek.com/news/government/policy/showArticle.jhtml?articleID=217200263,2009,False,http://web.archive.org/web/20101223222915/http://www.informationweek.com:80/news/government/policy/showArticle.jhtml?articleID=217200263,https://www.informationweek.com/default.asp,Obama Promises Massive Commitment To Scientific Research Scientific Research President Obama Google CEO Eric Schmidt and Microsoft strategy officer Craig Mundie National Academy of Sciences Scientific Research
https://medium.com/@cdixon/why-decentralization-matters-5e3f79f7638e,2018,False,http://web.archive.org/web/20181004032602/https://medium.com/@cdixon/why-decentralization-matters-5e3f79f7638e,https://medium.com/s/story/why-decentralization-matters-5e3f79f7638e,Why Decentralization Matters – Chris Dixon – Medium Centralized platforms have been dominant for so long that many people have forgotten there is a better way to build internet services.
http://arstechnica.com/business/2013/08/if-youre-a-time-warner-customer-in-la-nyc-or-dallas-forget-about-dexter/,2014,False,http://web.archive.org/web/20160804034844/http://arstechnica.com/business/2013/08/if-youre-a-time-warner-customer-in-la-nyc-or-dallas-forget-about-dexter/,https://arstechnica.com/information-technology/2013/08/if-youre-a-time-warner-customer-in-la-nyc-or-dallas-forget-about-dexter/,If you’re a Time Warner customer in LA NYC or Dallas—forget about “Dexter” Ars Technica whiteonblack email flaguk flagus grid halfbubbleup halfgear halfmag halftarget hybridview list listingshader logoarspremier logoarsuk logoarsus logocnus logoemail
http://arstechnica.com/business/2014/09/att-and-verizon-defend-data-caps-on-home-internet-service/,2014,False,http://web.archive.org/web/20160816041633/http://arstechnica.com:80/business/2014/09/att-and-verizon-defend-data-caps-on-home-internet-service/,https://arstechnica.com/information-technology/2014/09/att-and-verizon-defend-data-caps-on-home-internet-service/,AT&T and Verizon defend data caps on home Internet service Ars Technica whiteonblack email flaguk flagus grid halfbubbleup halfgear halfmag halftarget hybridview list listingshader logoarspremier logoarsuk logoarsus logocnus logoemail facebookicon outbrainlogo logoreddit
http://www.foreignpolicy.com/articles/2014/09/26/why_big_data_missed_the_early_warning_signs_of_ebola,2014,False,http://web.archive.org/web/20141204192957/http://www.foreignpolicy.com/articles/2014/09/26/why_big_data_missed_the_early_warning_signs_of_ebola,https://foreignpolicy.com/2014/09/26/why-big-data-missed-the-early-warning-signs-of-ebola/,Why Big Data Missed the Early Warning Signs of Ebola Our Magazine Archive This Month's Issue TABLE OF CONTENTS Why Big Data Missed the Early Warning Signs of Ebola Environmentalism Is Dead
http://www.cdt.org/security/usapatriot/20040920tsa1.pdf,2004,True,http://web.archive.org/web/20041022165126/http://www.cdt.org/security/usapatriot/20040920tsa1.pdf,https://cdt.org/,AnandTech News: New CD copylock technology nears market
http://www.streeteye.com/,2004,False,http://web.archive.org/web/20190327033636/http://www.streeteye.com/,http://blog.streeteye.com/blog/2019/03/6809/,StreetEYE All The Top Financial Market News Right Now As Voted By You
http://www.cdt.org/publications/pp_10.12.shtml,2004,True,http://web.archive.org/web/20081128011206/http://www.cdt.org/publications/pp_10.12.shtml,https://cdt.org/,Policy Post 10.12 CDT Report Calls for Continued ICANN Reform in Light of Internet Governance Debate
http://news.com.com/2100-1030-5290814.html,2004,False,http://web.archive.org/web/20050427145055/http://news.com.com:80/2100-1030-5290814.html,https://com.com/results?q=news,Is Real's 'hacking' of iPod legal? CNET News.com CNET News.com
http://www.ResultsLifeCoaching.com/,2004,False,http://web.archive.org/web/20130615080330/http://resultslifecoaching.com/,https://www.hugedomains.com/domain_profile.cfm?d=resultslifecoaching&e=com,結婚式や二次会用のパーティードレスの持ち運び方 ウェディングドレス レンタル ウェディングドレスのレンタルについて調べる方が増えました。 結婚式や二次会用のパーティードレスの持ち運び方
http://abcnews.go.com/Technology/story?id=8239410,2009,False,http://web.archive.org/web/20180306181151/http://abcnews.go.com/Technology/story?id=8239410,https://abcnews.go.com/Technology/,Anonymous Posters Named in Defamation Suit ABC News topix topix.com mark lesher rhonda shannon coyel jerry jc clarksville texas texarkana red river county online comments posts anonymity anonymous free speech defamation libel
http://www.alternet.org/news-amp-politics/four-muslim-americans-who-refused-be-informants-file-lawsuit-against-fbi-placing,2014,False,http://web.archive.org/web/20171021153304/https://www.alternet.org/news-amp-politics/four-muslim-americans-who-refused-be-informants-file-lawsuit-against-fbi-placing,https://www.alternet.org/2014/04/four-muslim-americans-who-refused-be-informants-file-lawsuit-against-fbi-placing/,How Refusing to Be an FBI Informant Can Get You Put on the NoFly List Alternet
http://investing.businessweek.com/research/stocks/snapshot/snapshot.asp?symbol=CMCSA,2009,False,http://web.archive.org/web/20090222223000/http://investing.businessweek.com:80/research/stocks/snapshot/snapshot.asp?symbol=CMCSA,https://www.bloomberg.com/tosv2.html?vid=&uuid=97e42200-d2a8-11e9-b669-0528e7e5d1a5&url=L3Jlc2VhcmNoL3N0b2Nrcy9zbmFwc2hvdC9zbmFwc2hvdC5hc3A/c3ltYm9sPUNNQ1NB,Comcast Corp. (CMCSA): Stock Quote & Company Profile BusinessWeek Comcast Corp. stock quote Comcast Corp. stock research
http://www.msnbc.msn.com/id/30426170/,2009,True,http://web.archive.org/web/20090428164451/http://www.msnbc.msn.com:80/id/30426170,http://www.msn.com/,In Mexico young adults appear most at risk Washington Post msnbc.com The anxiety over the virus has vastly altered the rhythm of Mexico City with millions of people staying home and many
http://news.com.com/2100-7352-5181428.html,2004,False,http://web.archive.org/web/20081122151849/http://news.com.com/2100-7352-5181428.html,https://com.com/results?q=news,VoIP provider to block eavesdroppers CNET News Security VoIP and IP telephony VoIP computer news tech news
http://www.imediaconnection.com/content/23912.asp,2009,False,http://web.archive.org/web/20150809071341/http://www.imediaconnection.com:80/content/23912.asp,http://www.imediaconnection.com/articles/ported-articles/red-dot-articles/2009/jul/4-technologies-that-are-killing-the-url/,AnandTech News: New CD copylock technology nears market
https://www.schneier.com/essay-470.html,2014,False,http://web.archive.org/web/20140220084532/https://www.schneier.com/essay-470.html,https://www.schneier.com/essays/archives/2014/02/everything_we_know_a.html,Everything We Know About How the NSA Tracks People's Physical Location Everything We Know About How the NSA Tracks People's Physical Location Tracking Locations With Cell Towers Finding You From Your Web
http://government.zdnet.com/?p=4570,2009,False,http://web.archive.org/web/20090411031429/http://government.zdnet.com:80/?p=4570,https://www.zdnet.com/blog/government/,AnandTech News: New CD copylock technology nears market
http://www.fcc.gov/events/open-commission-meeting-january-2014,2014,False,http://web.archive.org/web/20151123005900/https://www.fcc.gov/events/open-commission-meeting-january-2014,https://www.fcc.gov/news-events/events/2014/01/open-commission-meeting,Open Commission Meeting FCC.gov Media Relations EventPrintEmail Federal Communications Commission Open Commission Meeting Connect You are leaving the FCC website Meeting Documents Related Materials
http://articles.latimes.com/2013/dec/05/business/la-fi-lazarus-20131206,2014,False,http://web.archive.org/web/20180110221830/http://articles.latimes.com:80/2013/dec/05/business/la-fi-lazarus-20131206,https://www.latimes.com/business/la-xpm-2013-dec-05-la-fi-lazarus-20131206-story.html,Since deregulation landline costs skyrocket latimes business When California's telephone market was deregulated in 2006 consumers were told that increased competition would improve service and reduce prices. It hasn't worked out like
http://www.businessweek.com/innovate/NussbaumOnDesign/archives/2009/08/design_for_corr.html,2009,False,http://web.archive.org/web/20150910091727/http://www.businessweek.com/innovate/NussbaumOnDesign/archives/2009/08/design_for_corr.html,https://www.bloomberg.com/tosv2.html?vid=&uuid=4fded3a0-d2a9-11e9-9cf3-e9d0d7aae570&url=L2J1c2luZXNzd2Vlay9pbm5vdmF0ZS9OdXNzYmF1bU9uRGVzaWduL2FyY2hpdmVzLzIwMDkvMDgvZGVzaWduX2Zvcl9jb3JyLmh0bWw=,Design For CorruptionWhy US Healthcare is Failing BusinessWeek innovation blogs corporate innovation blog product innovation and design design innovation service innovation social networking best consultant companies best consultant firms
http://www.4029tv.com/national/Saudi-activist-gets-15-year-sentence/26815924,2014,False,http://web.archive.org/web/20140726125058/http://www.4029tv.com/national/Saudi-activist-gets-15-year-sentence/26815924,https://www.4029tv.com/national-news,Saudi activist gets 15year sentence National News KHBS Home International Waleed Abulkhair Saudi Arabia
http://arstechnica.com/business/2014/09/att-and-verizon-say-10mbps-is-too-fast-for-broadband-4mbps-is-enough/,2014,False,http://web.archive.org/web/20170128023550/https://arstechnica.com/business/2014/09/att-and-verizon-say-10mbps-is-too-fast-for-broadband-4mbps-is-enough/,https://arstechnica.com/information-technology/2014/09/att-and-verizon-say-10mbps-is-too-fast-for-broadband-4mbps-is-enough/,AT&T and Verizon say 10Mbps is too fast for “broadband” 4Mbps is enough Ars Technica
http://www.citizen.org/Page.aspx?pid=396,2011,True,http://web.archive.org/web/20170428142021/http://citizen.org/Page.aspx?pid=396,https://www.citizen.org/,AnandTech News: New CD copylock technology nears market
"http://www.latimes.com/business/la-fi-lazarus-20140425,0,2539606.column",2014,False,"http://web.archive.org/web/20140501171913/http://www.latimes.com/business/la-fi-lazarus-20140425,0,2539606.column",https://www.latimes.com/business/la-fi-lazarus-20140425-column.html,Verizon Wireless sells out customers with creepy new tactic latimes.com Verizon Wireless sells out customers with creepy new tactic The carrier will monitor not just your wireless activities but also what you
http://www.chinatechnews.com/index.php?action=show&type=news&id=1405,2004,True,http://web.archive.org/web/20080916230904/http://www.chinatechnews.com:80/index.php?action=show&type=news&id=1405,https://www.chinatechnews.com/?action=show&type=news&id=1405,ChinaTechNews.com The Technology Source for the Latest Chinese News on Internet Computers Digital Science Electronics Law Security Software Web 2.0 Telecom and Wireless Industries
http://www.unifrance.org/actualites/5278/2008-annee-record-pour-le-cinema-francais-a-l-international,2009,False,http://web.archive.org/web/20160328165649/http://www.unifrance.org/actualites/5278/2008-annee-record-pour-le-cinema-francais-a-l-international,https://www.unifrance.org/actualites/5278/les-premiers-resultats-du-cinema-francais-a-l-international-en-2008,AnandTech News: New CD copylock technology nears market
http://www.amazon.com/The-Most-Powerful-Idea-World/dp/0226726347,2014,False,http://web.archive.org/web/20160303231301/http://www.amazon.com:80/The-Most-Powerful-Idea-World/dp/0226726347,https://www.amazon.com/Most-Powerful-Idea-World-Invention/dp/0226726347,AnandTech News: New CD copylock technology nears market
http://www.nytimes.com/2004/08/23/technology/23wiretap.html,2004,False,http://web.archive.org/web/20150102181634/http://www.nytimes.com:80/2004/08/23/technology/23wiretap.html,https://www.nytimes.com/2004/08/23/business/call-cheap-wiretap-extra-enlisting-internet-phones-battle-against-crime.html,The Call Is Cheap. The Wiretap Is Extra. New York Times Wire and CableComputers and the InternetTelephones and TelecommunicationsFreedom of Speech and ExpressionFederal Communications Commission
http://www.thewire.com/national/2014/05/heavy-cellphone-use-could-actually-cause-brain-cancer-maybe/370818/,2014,False,http://web.archive.org/web/20141107175617/http://www.thewire.com:80/national/2014/05/heavy-cellphone-use-could-actually-cause-brain-cancer-maybe/370818/,https://www.theatlantic.com/national/archive/2014/05/heavy-cellphone-use-could-actually-cause-brain-cancer-maybe/370818/,Heavy Cellphone Use Could Actually Cause Brain Cancer (Maybe) The Wire The Wire TheWire.com TheWire.com news opinion aggregation business politics entertainment technology global national
http://www.icann.org/en/announcements/announcement-30sep09-en.htm#affirmation,2009,False,http://web.archive.org/web/20120102130623/http://www.icann.org:80/en/announcements/announcement-30sep09-en.htm,https://www.icann.org/news/announcement-2009-09-30-en#affirmation,ICANN The Affirmation of Commitments What it Means icann internet internet corporation for assigned names and numbers iana
http://www.nytimes.com/interactive/business/princelings.html,2014,False,http://web.archive.org/web/20180316225736/http://www.nytimes.com/interactive/business/princelings.html,https://archive.nytimes.com/www.nytimes.com/interactive/business/princelings.html,Princelings Multimedia Feature NYTimes.com China A series that looks at how relatives of top Chinese officials have amassed vast wealth through businesses closely entwined with the state.
http://online.wsj.com/article/SB124440211524192081.html,2009,False,http://web.archive.org/web/20130527172736/http://online.wsj.com:80/article/SB124440211524192081.html,https://www.wsj.com/articles/SB124440211524192081,China Squeezes PC Makers WSJ.com China told personalcomputer makers they must ship Webblocking software with new PCs as of July 1 enabling censorship and creating a dilemma for the manufacturers.
http://www.anandtech.com/news/shownews.aspx?i=23525,2004,True,http://web.archive.org/web/20060827055004/http://www.anandtech.com:80/news/shownews.aspx?i=23525,https://www.anandtech.com/,AnandTech News: New CD copylock technology nears market
http://www.sans.org/uscc,2009,True,http://web.archive.org/web/20100304043414/http://www.sans.org:80/uscc/,https://www.uscyberchallenge.org/,SANS Institute US Cyber Challenge us cyber challenge Information on the US Cyber Challenge.
http://www.bloomberg.com/news/2014-09-10/qualcomm-sees-china-opportunity-amid-antitrust-probe.html,2014,False,http://web.archive.org/web/20141011090356/http://www.bloomberg.com:80/news/2014-09-10/qualcomm-sees-china-opportunity-amid-antitrust-probe.html,https://www.bloomberg.com/tosv2.html?vid=&uuid=93c35250-d2ac-11e9-b603-d5320aff8359&url=L25ld3MvMjAxNC0wOS0xMC9xdWFsY29tbS1zZWVzLWNoaW5hLW9wcG9ydHVuaXR5LWFtaWQtYW50aXRydXN0LXByb2JlLmh0bWw=,AnandTech News: New CD copylock technology nears market
http://www.businessweek.com/magazine/content/09_33/b4143034820260.htm,2009,False,http://web.archive.org/web/20150118073743/http://www.businessweek.com:80/magazine/content/09_33/b4143034820260.htm,https://www.bloomberg.com/tosv2.html?vid=&uuid=43f3fc00-d2a9-11e9-abee-eb0ec644199b&url=L2J3L21hZ2F6aW5lL2NvbnRlbnQvMDlfMzMvYjQxNDMwMzQ4MjAyNjAuaHRt,AnandTech News: New CD copylock technology nears market
http://www.dailydot.com/politics/anonymous-lulzxmas-passwords-credit-cards/,2014,False,http://web.archive.org/web/20160628120455/http://www.dailydot.com:80/politics/anonymous-lulzxmas-passwords-credit-cards/,https://www.dailydot.com/layer8/anonymous-lulzxmas-passwords-credit-cards/,AnandTech News: New CD copylock technology nears market
https://recode.net/2014/11/26/att-says-it-still-plans-to-expand-high-speed-internet-in-directv-acquisition/,2014,False,http://web.archive.org/web/20160412081216/http://recode.net/2014/11/26/att-says-it-still-plans-to-expand-high-speed-internet-in-directv-acquisition/,https://www.vox.com/2014/11/26/11633314/att-says-it-still-plans-to-expand-high-speed-internet-in-directv,AnandTech News: New CD copylock technology nears market
http://apple.slashdot.org/apple/04/10/18/2137253.shtml?tid=179&tid=3,2004,False,http://web.archive.org/web/20090415142111/http://apple.slashdot.org:80/apple/04/10/18/2137253.shtml?tid=179&tid=3,https://apple.slashdot.org/story/04/10/18/2137253/cherryos-not-all-its-cracked-up-to-be,Slashdot CherryOS Not All It's Cracked Up To Be CherryOS Not All It's Cracked Up To Be article related to OS X and Apple.
http://www.fiercewireless.com/story/lowensteins-view-wi-fi-first-what-still-needs-happen/2014-06-24,2014,False,http://web.archive.org/web/20160522160701/http://www.fiercewireless.com/story/lowensteins-view-wi-fi-first-what-still-needs-happen/2014-06-24,https://www.fiercewireless.com/wireless/lowenstein-s-view-wi-fi-first-what-still-needs-to-happen,AnandTech News: New CD copylock technology nears market
http://thehill.com/blogs/hillicon-valley/technology/197786-tech-fears-shadow-campaign-for-global-control-of-internet,2014,False,http://web.archive.org/web/20140326120539/http://thehill.com/blogs/hillicon-valley/technology/197786-tech-fears-shadow-campaign-for-global-control-of-internet,https://thehill.com/policy/technology/197786-tech-fears-shadow-campaign-for-global-control-of-internet,AnandTech News: New CD copylock technology nears market
http://www.rec.ri.cmu.edu/,2004,False,http://web.archive.org/web/20190626063734/https://www.rec.ri.cmu.edu/,https://www.nrec.ri.cmu.edu/nrec/,National Robotics Engineering Center National Robotics Engineering Center Carnegie Mellon University
http://www.nbc4.com/news/3611999/detail.html,2004,False,http://web.archive.org/web/20090107141912/http://www.nbc4.com/news/3611999/detail.html,https://www.nbcwashington.com/news/,AnandTech News: New CD copylock technology nears market
http://online.wsj.com/news/articles/SB10001424052702304834704579401071892041790,2014,False,http://web.archive.org/web/20141116145741/http://online.wsj.com/news/articles/SB10001424052702304834704579401071892041790,https://www.wsj.com/articles/netflix-agrees-to-pay-comcast-to-improve-its-streaming-1393175346?tesla=y,AnandTech News: New CD copylock technology nears market
http://www.theatlantic.com/doc/200905/imf-advice,2009,False,http://web.archive.org/web/20100104001301/http://www.theatlantic.com/doc/200905/imf-advice,https://www.theatlantic.com/magazine/archive/2009/05/the-quiet-coup/307364/,The Quiet Coup The Atlantic(May 2009) imf financial industry oligarchy emerging markets international monetary finance industry investment industry private sector public private securitization financial sector regulators financial institutions investment securities bankers credit
http://arstechnica.com/business/2014/05/comcast-plans-data-caps-for-all-customers-in-5-years-could-be-500gb/,2014,False,http://web.archive.org/web/20170319161320/https://arstechnica.com/business/2014/05/comcast-plans-data-caps-for-all-customers-in-5-years-could-be-500gb/,https://arstechnica.com/information-technology/2014/05/comcast-plans-data-caps-for-all-customers-in-5-years-could-be-500gb/,AnandTech News: New CD copylock technology nears market
https://www.csoonline.com/article/3267625/security/want-to-hack-a-voting-machine-hack-the-voting-machine-vendor-first.html,2018,False,http://web.archive.org/web/20190219025850/https://www.csoonline.com/article/3267625/security/want-to-hack-a-voting-machine-hack-the-voting-machine-vendor-first.html,https://www.csoonline.com/article/3267625/want-to-hack-a-voting-machine-hack-the-voting-machine-vendor-first.html,Want to hack a voting machine? Hack the voting machine vendor first CSO Online
http://telephonyonline.com/residential_services/news/comcast-congestion-0123/index.html,2009,True,http://web.archive.org/web/20100105112300/http://telephonyonline.com:80/residential_services/news/comcast-congestion-0123/index.html,https://urgentcomm.com/,AnandTech News: New CD copylock technology nears market
https://www.apple.com/mac/facetime/,2014,False,http://web.archive.org/web/20160901171612/http://www.apple.com/mac/facetime/,https://www.apple.com/macos/what-is/,AnandTech News: New CD copylock technology nears market
http://www.skype.com/download_pda.html,2004,False,http://web.archive.org/web/20040914083008/http://www.skype.com:80/download_pda.html,https://www.skype.com/en/get-skype/,Skype Getting Started With Skype for Pocket PC Kazaa p2p fasttrack niklas zennstrom janus friis voip voice chat IM Instant Message Internet Broadband Headset phone mobile cellphone skype 3g free software freeware
http://csrc.nist.gov/CryptoToolkit/tkrng.html,2004,False,http://web.archive.org/web/20131028111627/http://csrc.nist.gov/CryptoToolkit/tkrng.html,https://csrc.nist.gov/projects/random-bit-generation,AnandTech News: New CD copylock technology nears market
http://www.huffingtonpost.com/bruce-kushnick/alec-your-communications-_b_3287860.html,2014,False,http://web.archive.org/web/20181209152355/https://www.huffingtonpost.com/bruce-kushnick/alec-your-communications-_b_3287860.html,https://www.huffpost.com/entry/alec-your-communications_b_3287860,ALEC & Your Communications: Part 1: How AT&T ALEC and the Other Communications Companies Created Model State Legislation to Harm You HuffPost
http://www.newscientist.com/article/dn25584-lowcost-production-will-mean-the-end-of-jobs.html,2014,False,http://web.archive.org/web/20150426180222/http://www.newscientist.com/article/dn25584-lowcost-production-will-mean-the-end-of-jobs.html,https://www.newscientist.com/article/dn25584-low-cost-production-will-mean-the-end-of-jobs/,AnandTech News: New CD copylock technology nears market
http://datascience.berkeley.edu/what-is-big-data/,2014,False,http://web.archive.org/web/20181225112122/https://datascience.berkeley.edu/what-is-big-data/,https://datascience.berkeley.edu/blog/what-is-big-data/,What Is Big Data? Blog What Is Big Data? Get More Information! John Akred Philip Ashlock Jon Bruner Reid Bryant Mike Cavaretta Drew Conway Rohan Deuskar Amy Escobar Josh Ferguson John Foreman
http://www.wired.com/wiredenterprise/2014/02/fight-back/,2014,False,http://web.archive.org/web/20140330121647/http://www.wired.com/wiredenterprise/2014/02/fight-back/,https://www.wired.com/2014/02/fight-back/,AnandTech News: New CD copylock technology nears market
http://recode.net/2014/11/10/president-obama-backs-title-ii-for-net-neutrality-in-big-win-for-activists/,2014,False,http://web.archive.org/web/20160304150033/http://recode.net/2014/11/10/president-obama-backs-title-ii-for-net-neutrality-in-big-win-for-activists/,https://www.vox.com/2014/11/10/11632728/president-obama-backs-title-ii-for-net-neutrality-in-big-win-for,President Obama Backs Stronger Broadband Regulation in Big Win for Activists Re/code
http://www.motherjones.com/news/outfront/2004/07/06_400.html,2004,False,http://web.archive.org/web/20081007044204/http://motherjones.com/news/outfront/2004/07/06_400.html,https://www.motherjones.com/politics/2004/07/flight-risk/,AnandTech News: New CD copylock technology nears market
http://www.cs.berkeley.edu/~shaddi/,2014,True,http://web.archive.org/web/20160504073204/http://www.cs.berkeley.edu:80/~shaddi/,https://www.shaddih.com/,Shaddi Hasan at UC Berkeley Shaddi Hasan computer science berkeley networks wireless security development developing regions
http://www.frankston.com/public/?name=SATNRIAADeaf,2009,False,http://web.archive.org/web/20160513152125/http://www.frankston.com/public/?name=SATNRIAADeaf,http://rmf.vc/satnriaadeaf,AnandTech News: New CD copylock technology nears market
http://blogs.siliconvalley.com/gmsv/2009/01/whitehousegov-remodeling-includes-larger-windows-more-doors.html,2009,True,http://web.archive.org/web/20110720133822/http://blogs.siliconvalley.com/gmsv/2009/01/whitehousegov-remodeling-includes-larger-windows-more-doors.html,http://www.siliconbeat.com/,AnandTech News: New CD copylock technology nears market
http://ui.constantcontact.com/roving/CCPrivacyPolicy.jsp,2008,False,http://web.archive.org/web/20161126062536/http://ui.constantcontact.com:80/roving/CCPrivacyPolicy.jsp,https://www.constantcontact.com/legal/about-constant-contact,AnandTech News: New CD copylock technology nears market
http://www.ft.com/cms/s/0/af900dd0-3699-11de-af40-00144feabdc0.html,2009,False,http://web.archive.org/web/20150829091032/http://www.ft.com:80/cms/s/0/af900dd0-3699-11de-af40-00144feabdc0.html,https://www.ft.com/content/af900dd0-3699-11de-af40-00144feabdc0,AnandTech News: New CD copylock technology nears market
http://telus.com/,2005,False,http://web.archive.org/web/20150529080045/https://www1.telus.com/,https://www.telus.com/en/,AnandTech News: New CD copylock technology nears market
http://csis.org/event/us-cyber-challenge-can-we-catch,2009,False,http://web.archive.org/web/20130806133742/http://csis.org:80/event/us-cyber-challenge-can-we-catch,https://www.csis.org/events/us-cyber-challenge-can-we-catch,U.S. Cyber Challenge: Can We Catch Up? Center for Strategic and International Studies
http://www.internetsociety.org/wsis,2014,False,http://web.archive.org/web/20170906150550/https://www.internetsociety.org/wsis,https://www.internetsociety.org/issues/internet-governance/wsis/,AnandTech News: New CD copylock technology nears market
https://www.thesun.co.uk/tech/8678640/proof-phones-listening-to-us/,2019,False,http://web.archive.org/web/20190417161226/https://www.thesun.co.uk/tech/8678640/proof-phones-listening-to-us/,https://www.thesun.co.uk/tech/8678640/proof-phones-listening-to-us-talk-conversations/,AnandTech News: New CD copylock technology nears market
http://msnbc.msn.com/id/4892333/,2004,True,http://web.archive.org/web/20100916061811/http://msnbc.msn.com:80/id/4892333/,http://www.msn.com/,Wireless in a Box Newsweek Newsweek Enterprise Enterprise Technology msnbc.com
http://abcnews.go.com/Business/wireStory?id=237996,2004,False,http://web.archive.org/web/20070511004939/http://abcnews.go.com:80/Business/wireStory?id=237996,https://abcnews.go.com/Business/,AnandTech News: New CD copylock technology nears market
http://www.nydailynews.com/news/col/story/226744p-194762c.html,2004,True,http://web.archive.org/web/20060502074259/http://www.nydailynews.com:80/news/col/story/226744p-194762c.html,https://www.nydailynews.com/,AnandTech News: New CD copylock technology nears market
"http://www.guardian.co.uk/comment/story/0,3604,1191333,00.html",2004,False,"http://web.archive.org/web/20080127233940/http://www.guardian.co.uk:80/comment/story/0,3604,1191333,00.html",https://www.theguardian.com/politics/2004/apr/14/iraq.iraq2,AnandTech News: New CD copylock technology nears market
http://www.linux-magazine.com/issues/2008/95/player_piano_rolls,2009,False,http://web.archive.org/web/20081013155804/http://www.linux-magazine.com:80/issues/2008/95/player_piano_rolls,http://www.linux-magazine.com/Issues/2008/95/Doghouse-Player-Piano-Rolls,AnandTech News: New CD copylock technology nears market
http://blogs.scientificamerican.com/cross-check/2014/08/12/war-is-our-most-urgent-problem-lets-solve-it/,2014,False,http://web.archive.org/web/20150509160602/http://blogs.scientificamerican.com/cross-check/2014/08/12/war-is-our-most-urgent-problem-lets-solve-it/,https://blogs.scientificamerican.com/cross-check/war-is-our-most-urgent-problem-let-8217-s-solve-it/,AnandTech News: New CD copylock technology nears market
http://www.icann.org/en/general/financial.html,2009,False,http://web.archive.org/web/20120119181347/http://www.icann.org:80/en/general/financial.html,https://www.icann.org/resources/pages/governance/financials-en,AnandTech News: New CD copylock technology nears market
http://www.ucop.edu/ucophome/policies/bfb/is3.pdf,2004,True,http://web.archive.org/web/20130419120216/http://www.ucop.edu/ucophome/policies/bfb/is3.pdf,https://policy.ucop.edu/,AnandTech News: New CD copylock technology nears market
https://www.japantimes.co.jp/news/2018/03/30/world/u-s-seek-social-media-details-email-addresses-phone-numbers-visa-applicants/#.Wr7c9xaRXDs,2018,False,http://web.archive.org/web/20180418170032/https://www.japantimes.co.jp/news/2018/03/30/world/u-s-seek-social-media-details-email-addresses-phone-numbers-visa-applicants/,https://www.japantimes.co.jp/article-expired/#.Wr7c9xaRXDs,AnandTech News: New CD copylock technology nears market
http://online.wsj.com/article/SB124562668777335653.html,2009,False,http://web.archive.org/web/20131006012631/http://online.wsj.com:80/article/SB124562668777335653.html,https://www.wsj.com/articles/SB124562668777335653,AnandTech News: New CD copylock technology nears market
http://blog.comcast.com/2009/12/comcast-data-usage-meter-launches.html,2009,False,http://web.archive.org/web/20120428023417/http://blog.comcast.com:80/2009/12/comcast-data-usage-meter-launches.html,https://corporate.comcast.com/comcast-voices/comcast-data-usage-meter-launches,AnandTech News: New CD copylock technology nears market
https://news.uchicago.edu/article/2018/03/06/nyc-taxi-ride-data-suggest-cozy-relationship-between-big-banks-and-fed,2018,False,http://web.archive.org/web/20180601003005/http://news.uchicago.edu/article/2018/03/06/nyc-taxi-ride-data-suggest-cozy-relationship-between-big-banks-and-fed,https://news.uchicago.edu/story/nyc-taxi-ride-data-suggest-cozy-relationship-between-big-banks-and-fed,AnandTech News: New CD copylock technology nears market
http://www.huffingtonpost.com/2009/08/21/betsy-mccaugheys-ideas-ca_n_264970.html,2009,False,http://web.archive.org/web/20170222023609/http://www.huffingtonpost.com/2009/08/21/betsy-mccaugheys-ideas-ca_n_264970.html,https://www.huffpost.com/entry/betsy-mccaugheys-ideas-ca_n_264970,"Betsy McCaughey's Ideas Called ""Hyperbolic... Dangerous"" By Jon Stewart (VIDEO) The Huffington Post"
http://www.eff.org/files/filenode/authorsguild_v_google/File%20Stamped%20Brf.pdf,2009,False,http://web.archive.org/web/20131127050408/https://www.eff.org/files/filenode/authorsguild_v_google/File%20Stamped%20Brf.pdf,https://www.eff.org/files/filenode/authorsguild_v_google/file_stamped_brf.pdf,AnandTech News: New CD copylock technology nears market
http://www.computerworld.com/s/article/9136053/Details_on_presidential_motorcades_safe_house_for_First_Family_leak_via_P2P?taxonomyId=1,2009,False,http://web.archive.org/web/20130527102140/http://www.computerworld.com/s/article/9136053/Details_on_presidential_motorcades_safe_house_for_First_Family_leak_via_P2P?taxonomyId=1,https://www.computerworld.com/article/2526483/details-on-presidential-motorcades--safe-house-for-first-family--leak-via-p2p.html,AnandTech News: New CD copylock technology nears market
http://www.politico.com/story/2014/07/cellphone-unlocking-bill-obama-109390.html#.U9ZaPEtnEu0.twitter,2014,False,http://web.archive.org/web/20150205053827/http://www.politico.com/story/2014/07/cellphone-unlocking-bill-obama-109390.html,https://www.politico.com/story/2014/07/cellphone-unlocking-bill-obama-109390#.U9ZaPEtnEu0.twitter,AnandTech News: New CD copylock technology nears market
http://www.politico.com/magazine/story/2014/06/the-pitchforks-are-coming-for-us-plutocrats-108014.html,2014,False,http://web.archive.org/web/20150828061630/http://www.politico.com:80/magazine/story/2014/06/the-pitchforks-are-coming-for-us-plutocrats-108014.html,https://www.politico.com/magazine/story/2014/06/the-pitchforks-are-coming-for-us-plutocrats-108014,AnandTech News: New CD copylock technology nears market
http://www.nytimes.com/2005/08/29/opinion/29krugman.html,2014,False,http://web.archive.org/web/20140707152108/http://www.nytimes.com/2005/08/29/opinion/29krugman.html,https://www.nytimes.com/2005/08/29/opinion/greenspan-and-the-bubble.html,AnandTech News: New CD copylock technology nears market
http://www.theatlantic.com/issues/2004/03/katzman.htm,2004,False,http://web.archive.org/web/20080517095811/http://www.theatlantic.com/issues/2004/03/katzman.htm,https://www.theatlantic.com/magazine/archive/2004/03/would-shakespeare-get-into-swarthmore/302900/,AnandTech News: New CD copylock technology nears market
http://www.nytimes.com/2004/06/13/opinion/13SUN1.html,2004,False,http://web.archive.org/web/20150325185429/http://www.nytimes.com/2004/06/13/opinion/13SUN1.html,https://www.nytimes.com/2004/06/13/opinion/gambling-on-voting.html,Gambling on Voting New York Times VOTING MACHINES SLOT MACHINES SURVEYS AND SERIES EDITORIALS GAMBLING COMPUTER SECURITY PRESIDENTIAL ELECTION OF 2004 COMPUTERS AND THE INTERNET
http://zdnet.com.com/2100-1107_2-5318295.html,2004,True,http://web.archive.org/web/20040825055613/http://zdnet.com.com:80/2100-1107_2-5318295.html,https://com.com,AnandTech News: New CD copylock technology nears market
http://9to5mac.com/category/ios/,2014,False,http://web.archive.org/web/20160617024107/http://9to5mac.com:80/category/ios/,https://9to5mac.com/guides/ios/,AnandTech News: New CD copylock technology nears market
http://gizmodo.com/5375244/verizon-promises-android-phones-with-google-voice-support,2009,False,http://web.archive.org/web/20170331182804/http://gizmodo.com/5375244/verizon-promises-android-phones-with-google-voice-support,https://gizmodo.com/verizon-promises-android-phones-with-google-voice-suppo-5375244,Verizon Promises Android Phones with Google Voice Support Cellphones Verizon Google Android Smartphones Verizon Google Android Top Breaking Gizmodo
http://www.ft.com/cms/s/0/5d5aa24e-23a4-11de-996a-00144feabdc0.html,2009,False,http://web.archive.org/web/20160619211716/http://www.ft.com:80/cms/s/0/5d5aa24e-23a4-11de-996a-00144feabdc0.html,https://www.ft.com/content/5d5aa24e-23a4-11de-996a-00144feabdc0,Ten principles for a Black Swanproof world FT.com 1. What is fragile should break early while it is still small. Nothing should ever become too big to fail. Evolution in economic life
http://www.rollingstone.com/politics/news/the-9-billion-witness-20141106,2014,False,http://web.archive.org/web/20180701233504/https://www.rollingstone.com/politics/news/the-9-billion-witness-20141106,https://www.rollingstone.com/politics/politics-news/the-9-billion-witness-meet-jpmorgan-chases-worst-nightmare-242414/,AnandTech News: New CD copylock technology nears market
http://www.joelonsoftware.com/items/2009/10/08.html,2009,False,http://web.archive.org/web/20161117062506/http://www.joelonsoftware.com:80/items/2009/10/08.html,https://www.joelonsoftware.com/2009/10/08/the-wifi-at-conferences-problem/,The “WiFi At Conferences” Problem Joel on Software Joel on Software The “WiFi At Conferences” Problem Want to know more? About the author.
http://news.bbc.co.uk/1/hi/programmes/3755686.stm,2004,False,http://web.archive.org/web/20181019021831/http://news.bbc.co.uk:80/1/hi/programmes/3755686.stm,http://news.bbc.co.uk/2/hi/programmes/3755686.stm,AnandTech News: New CD copylock technology nears market
https://rightscon.org/about.php,2014,False,http://web.archive.org/web/20151225182403/https://rightscon.org/about.php,https://www.rightscon.org/about-and-contact/,RightsCon Summit Series RightsCon is the world's leading event convened around the issues of internet and human rights. Questions? Contact Us! RIGHTSCON SILICON VALLEY 2016 SPONSORS (TO DATE) RIGHTSCON SILICON VALLEY 2016
http://www.oreillynet.com/pub/a/network/2001/12/21/oram.html,2009,True,http://web.archive.org/web/20091005200321/http://www.oreillynet.com:80/pub/a/network/2001/12/21/oram.html,https://www.oreilly.com,Ten Years After the Future Began O'Reilly Media oreillyO'ReillyRFC 1287intranet architectureVint CerfTCP/IPOSImultiprotocol architectureinternet protocolsinternet applicationsinternet securityInternet growth and innovationinteroperabilitymultiple standardsIPv6addressingroutingmultimediaAndy OramO'Reilly MediaO'Reilly author oreilly.comoreillyo'reilly
http://www.technorati.com/tag/End-to-End,2009,False,http://web.archive.org/web/20140410122937/http://technorati.com/tag/end-to-end,http://www.technorati.com/maintenance.php,AnandTech News: New CD copylock technology nears market
http://news.com.com/2100-7349-5287664.html,2004,False,http://web.archive.org/web/20050522135121/http://news.com.com:80/2100-7349-5287664.html,https://com.com/results?q=news,AnandTech News: New CD copylock technology nears market
http://www.slate.com/blogs/future_tense/2014/01/22/google_glass_at_the_movies_prompts_fbi_interrogation.html,2014,False,http://web.archive.org/web/20170503135507/http://www.slate.com/blogs/future_tense/2014/01/22/google_glass_at_the_movies_prompts_fbi_interrogation.html,https://slate.com/technology/2014/01/google-glass-at-the-movies-prompts-fbi-interrogation.html,Google Glass at the movies prompts FBI interrogation. google glass fbi interrogation pirating movies movie theater
http://www.huffingtonpost.com/2014/05/19/nsa-drug-war_n_5353819.html,2014,False,http://web.archive.org/web/20161012151534/http://www.huffingtonpost.com/2014/05/19/nsa-drug-war_n_5353819.html,https://www.huffpost.com/entry/nsa-drug-war_n_5353819,AnandTech News: New CD copylock technology nears market
"http://www.latimes.com/news/nationworld/world/middleeast/la-na-airline-felonies20-2009jan20,0,28578.story",2009,False,"http://web.archive.org/web/20120706060522/http://www.latimes.com:80/news/nationworld/world/middleeast/la-na-airline-felonies20-2009jan20,0,28578.story",https://www.latimes.com/archives/la-xpm-2009-jan-20-na-airline-felonies20-story.html,AnandTech News: New CD copylock technology nears market
http://seattlepi.nwsource.com/local/136634_computer26.html,2004,False,http://web.archive.org/web/20090114110133/http://seattlepi.nwsource.com:80/local/136634_computer26.html,https://www.seattlepi.com/news/article/11-8-teraflop-computer-powers-up-1122601.php,AnandTech News: New CD copylock technology nears market
http://www.cert.org/csirts/national/best_practices/2008/NationalSpamThreatMgmtSystem.pdf,2009,False,http://web.archive.org/web/20081122191136/http://www.cert.org/csirts/national/best_practices/2008/NationalSpamThreatMgmtSystem.pdf,https://www.sei.cmu.edu/about/divisions/cert/index.cfm,AnandTech News: New CD copylock technology nears market
http://www.mitra.biz/,2014,False,http://web.archive.org/web/20100619103435/http://mitra.biz:80/,http://www.mitra.biz/index.html,AnandTech News: New CD copylock technology nears market
http://news.bbc.co.uk/1/hi/business/4035257.stm,2004,False,http://web.archive.org/web/20080303105527/http://news.bbc.co.uk:80/1/hi/business/4035257.stm,http://news.bbc.co.uk/2/hi/business/4035257.stm,AnandTech News: New CD copylock technology nears market
http://www.amazon.com/exec/obidos/ASIN/0805057544,2004,False,http://web.archive.org/web/20050127090121/http://www.amazon.com:80/exec/obidos/ASIN/0805057544/,https://www.amazon.com/Barbarians-Bill-Gates-Jennifer-Edstrom/dp/0805057544,AnandTech News: New CD copylock technology nears market
http://www.weizmann.ac.il/acadsec/Scientific_Activities/current/,2004,False,http://web.archive.org/web/20050121133307/http://www.weizmann.ac.il:80/acadsec/Scientific_Activities/current/,http://www.weizmann.ac.il/acadaff/Scientific_Activities/current/,Scientific Activities Scientific Activities Scientific Activities
http://www.pbs.org/cringely/pulpit/pulpit20041125.html,2004,False,http://web.archive.org/web/20081011074709/http://www.pbs.org/cringely/pulpit/pulpit20041125.html,https://www.pbs.org/retired-site/,I Cringely . The Pulpit . Land Grab PBS
http://arstechnica.com/tech-policy/news/2009/10/100-years-of-big-content-fearing-technologyin-its-own-words.ars,2009,False,http://web.archive.org/web/20120425201843/http://arstechnica.com:80/tech-policy/news/2009/10/100-years-of-big-content-fearing-technologyin-its-own-words.ars,https://arstechnica.com/tech-policy/2009/10/100-years-of-big-content-fearing-technologyin-its-own-words/,AnandTech News: New CD copylock technology nears market
http://www.zdnet.com/researchers-publish-snapchat-code-allowing-phone-number-matching-after-exploit-disclosures-ignored-7000024629/,2014,False,http://web.archive.org/web/20141123092800/http://www.zdnet.com:80/researchers-publish-snapchat-code-allowing-phone-number-matching-after-exploit-disclosures-ignored-7000024629/,https://www.zdnet.com/article/researchers-publish-snapchat-code-allowing-phone-number-matching-after-exploit-disclosures-ignored/,Researchers publish Snapchat code allowing phone number matching after exploit disclosures ignored ZDNet
http://blogs.fas.org/secrecy/,2013,False,http://web.archive.org/web/20140530024004/http://blogs.fas.org/secrecy/,https://fas.org/blogs/secrecy/,AnandTech News: New CD copylock technology nears market
http://www.google.com/apps/intl/en/business/index.html,2009,True,http://web.archive.org/web/20120420061500/https://www.google.com/apps/intl/en/business/index.html,https://gsuite.google.com/,Google Apps for Business Official Website google apps hosted online cloud applications email gmail calendar intranet website spam security cloud computing saas software as a service hosted email business email enterprise email
http://www.cdt.org/copyright/broadcastflag/introduction.shtml,2004,True,http://web.archive.org/web/20050313221024/http://www.cdt.org:80/copyright/broadcastflag/introduction.shtml,https://cdt.org/,The Broadcast Flag: an Introduction: January 2004 The Broadcast Flag: an Introduction What is the broadcast flag? Who wants the flag and why? Why should consumers and computer users care about the
http://www.cisco.com/go/netflow,2009,False,http://web.archive.org/web/20080705225102/http://cisco.com/go/netflow,https://www.cisco.com/c/en/us/products/ios-nx-os-software/ios-netflow/index.html,AnandTech News: New CD copylock technology nears market
http://www.bloombergview.com/articles/2014-02-24/introducing-the-comcast-tax,2014,False,http://web.archive.org/web/20140410010125/http://www.bloombergview.com:80/articles/2014-02-24/introducing-the-comcast-tax,https://www.bloomberg.com/tosv2.html?vid=&uuid=927352b0-d2ac-11e9-9256-f1e5d8674aac&url=L3ZpZXcvYXJ0aWNsZXMvMjAxNC0wMi0yNC9pbnRyb2R1Y2luZy10aGUtY29tY2FzdC10YXg=,AnandTech News: New CD copylock technology nears market
http://www.cio.com/archive/031504/tl_health.html,2004,False,http://web.archive.org/web/20061016140316/http://www.cio.com/archive/031504/tl_health.html,https://www.cio.com/magazine,AnandTech News: New CD copylock technology nears market
http://www.eff.org/awards/pioneer,2009,False,http://web.archive.org/web/20130521155912/https://www.eff.org/awards/pioneer/,https://www.eff.org/awards/pioneer/2016,EFF Pioneer Awards 2012 Electronic Frontier Foundation Past Pioneers Photos from Past Pioneer Award Ceremonies Search form Main menu Thursday September 20 2012 @ Project One Gallery251 Rhode Island Street San Francisco
http://www.cbsnews.com/stories/2009/08/29/cbsnews_investigates/main5273636.shtml,2009,False,http://web.archive.org/web/20130523152036/http://www.cbsnews.com/stories/2009/08/29/cbsnews_investigates/main5273636.shtml,https://www.cbsnews.com/news/toyota-accused-of-hiding-evidence/,AnandTech News: New CD copylock technology nears market
http://hraunfoss.fcc.gov/edocs_public/attachmatch/FCC-05-151A1.doc,2009,False,http://web.archive.org/web/20111021051405/http://hraunfoss.fcc.gov/edocs_public/attachmatch/FCC-05-151A1.doc,https://docs.fcc.gov/public/attachments/FCC-05-151A1.doc,AnandTech News: New CD copylock technology nears market
http://www.forbes.com/columnists/2004/07/06/0707whitmore.html,2004,False,http://web.archive.org/web/20081014100424/http://www.forbes.com/columnists/2004/07/06/0707whitmore.html,https://www.forbes.com/2004/07/06/0707whitmore.html,AnandTech News: New CD copylock technology nears market
http://news.com.com/2010-1028-5256334.html,2004,False,http://web.archive.org/web/20070813095429/http://news.com.com:80/2010-1028-5256334.html,https://com.com/results?q=news,AnandTech News: New CD copylock technology nears market
http://www.cnbc.com/id/101770396,2014,False,http://web.archive.org/web/20150623153106/http://www.cnbc.com/id/101770396,https://www.cnbc.com/2014/06/19/cybersecurity-firm-says-large-hedge-fund-attacked.html,AnandTech News: New CD copylock technology nears market
http://www.atug.com.au/Focus/fs080709/futforrep.pdf,2009,False,http://web.archive.org/web/20110217054156/http://www.atug.com.au/Focus/fs080709/futforrep.pdf,https://www.atug.com.au/unknown.html,AnandTech News: New CD copylock technology nears market
http://blogs.telegraph.co.uk/technology/marthagilltech/100012335/the-snowden-privacy-panic-has-spread-to-medical-research-this-is-a-problem/,2014,False,http://web.archive.org/web/20160304084253/http://blogs.telegraph.co.uk/technology/marthagilltech/100012335/the-snowden-privacy-panic-has-spread-to-medical-research-this-is-a-problem/,https://www.telegraph.co.uk/opinion/,AnandTech News: New CD copylock technology nears market
http://www.informationweek.com/news/personal_tech/drm/showArticle.jhtml?articleID=218501227,2009,False,http://web.archive.org/web/20101226092313/http://www.informationweek.com:80/news/personal_tech/drm/showArticle.jhtml?articleID=218501227,https://www.informationweek.com/default.asp,AnandTech News: New CD copylock technology nears market
https://www.bloomberg.com/news/articles/2018-09-04/youtube-and-netflix-throttled-by-carriers-research-finds,2018,False,http://web.archive.org/web/20190803011542/https://www.bloomberg.com/news/articles/2018-09-04/youtube-and-netflix-throttled-by-carriers-research-finds,https://www.bloomberg.com/tosv2.html?vid=&uuid=92e1c060-d2b6-11e9-9db4-d752e334b0db&url=L25ld3MvYXJ0aWNsZXMvMjAxOC0wOS0wNC95b3V0dWJlLWFuZC1uZXRmbGl4LXRocm90dGxlZC1ieS1jYXJyaWVycy1yZXNlYXJjaC1maW5kcw==,AnandTech News: New CD copylock technology nears market
http://www.tnl.net/blog/entry/Google_files_S-1,2004,True,http://web.archive.org/web/20081201094625/http://www.tnl.net/blog/entry/Google_files_S-1,https://www.tnl.net,AnandTech News: New CD copylock technology nears market
http://www.slate.com/articles/arts/culturebox/2003/05/tripping_delight_fantastic.html,2018,False,http://web.archive.org/web/20180908221712/http://www.slate.com:80/articles/arts/culturebox/2003/05/tripping_delight_fantastic.html,https://slate.com/culture/2003/05/should-psychedelic-drugs-be-legal.html,AnandTech News: New CD copylock technology nears market
http://cleanslate.stanford.edu/,2009,False,http://web.archive.org/web/20170522053229/http://cleanslate.stanford.edu:80/,https://platformlab.stanford.edu/404.php,AnandTech News: New CD copylock technology nears market
http://www.spymuseum.org/index.asp,2004,True,http://web.archive.org/web/20070425193850/http://www.spymuseum.org/index.asp,https://www.spymuseum.org,AnandTech News: New CD copylock technology nears market
http://www.pcworld.com/businesscenter/article/184090/facebook_privacy_changes_go_live_beware_of_everyone.html,2009,False,http://web.archive.org/web/20120318155826/http://www.pcworld.com/businesscenter/article/184090/facebook_privacy_changes_go_live_beware_of_everyone.html,https://www.pcworld.com/article/184090/Facebook_Privacy_Changes_Go_Live_Beware_of_Everyone.html,AnandTech News: New CD copylock technology nears market
http://www.msnbc.msn.com/id/6084099/,2004,True,http://web.archive.org/web/20070816101252/http://www.msnbc.msn.com:80/id/6084099/,http://www.msn.com/,AnandTech News: New CD copylock technology nears market
"http://www.latimes.com/features/health/medicine/la-fg-philippines-transcribe19-2009apr19,0,902588.story",2009,False,"http://web.archive.org/web/20090422055833/http://www.latimes.com:80/features/health/medicine/la-fg-philippines-transcribe19-2009apr19,0,902588.story",https://www.latimes.com/archives/la-xpm-2009-apr-19-fg-philippines-transcribe19-story.html,AnandTech News: New CD copylock technology nears market
https://firstlook.org/theintercept/2014/07/25/nsas-new-partner-spying-saudi-arabias-brutal-state-police/,2014,False,http://web.archive.org/web/20150810234702/https://firstlook.org/theintercept/2014/07/25/nsas-new-partner-spying-saudi-arabias-brutal-state-police/,https://theintercept.com/2014/07/25/nsas-new-partner-spying-saudi-arabias-brutal-state-police/,AnandTech News: New CD copylock technology nears market
